order_id,amount
1,152
2,659
3,905
4,582
5,484
6,665
7,760
8,26
9,912
10,126
11,974
12,516
13,324
14,728
15,47
16,70
17,109
18,921
19,472
20,966
21,506
22,960
23,714
24,601
25,829
26,214
27,235
28,827
29,387
30,537
31,175
32,141
33,1
34,354
35,980
36,977
37,433
38,195
39,246
40,547
41,336
42,69
43,342
44,664
45,378
46,683
47,320
48,164
49,115
50,355
51,395
52,232
53,277
54,243
55,886
56,308
57,451
58,507
59,25
60,777
61,610
62,40
63,778
64,200
65,605
66,733
67,900
68,980
69,567
70,621
71,747
72,637
73,309
74,424
75,901
76,17
77,816
78,820
79,659
80,56
81,943
82,482
83,114
84,512
85,636
86,961
87,127
88,988
89,726
90,213
91,86
92,815
93,197
94,371
95,706
96,344
97,388
98,909
99,841
100,510
101,394
102,999
103,360
104,524
105,788
106,745
107,675
108,346
109,1
110,205
111,10
112,476
113,698
114,405
115,636
116,813
117,770
118,404
119,511
120,607
121,896
122,520
123,923
124,334
125,721
126,790
127,235
128,356
129,911
130,500
131,451
132,710
133,214
134,523
135,37
136,548
137,459
138,649
139,315
140,377
141,316
142,430
143,848
144,704
145,637
146,673
147,494
148,698
149,329
150,918
151,586
152,479
153,887
154,27
155,563
156,217
157,0
158,55
159,756
160,701
161,825
162,908
163,707
164,12
165,987
166,879
167,671
168,204
169,775
170,951
171,166
172,765
173,616
174,944
175,636
176,436
177,307
178,548
179,866
180,43
181,660
182,646
183,668
184,501
185,445
186,895
187,382
188,270
189,962
190,739
191,259
192,421
193,899
194,192
195,979
196,249
197,853
198,107
199,476
200,876
201,455
202,535
203,785
204,436
205,777
206,178
207,726
208,17
209,295
210,142
211,272
212,679
213,402
214,802
215,286
216,65
217,110
218,422
219,172
220,630
221,622
222,253
223,125
224,634
225,230
226,307
227,88
228,56
229,833
230,2
231,518
232,277
233,803
234,444
235,419
236,452
237,326
238,533
239,498
240,329
241,927
242,775
243,946
244,672
245,312
246,875
247,538
248,802
249,913
250,76
251,828
252,565
253,764
254,746
255,496
256,362
257,948
258,661
259,387
260,312
261,475
262,826
263,622
264,673
265,590
266,719
267,685
268,873
269,535
270,182
271,987
272,698
273,57
274,440
275,204
276,964
277,89
278,411
279,464
280,792
281,431
282,152
283,521
284,747
285,862
286,329
287,84
288,501
289,541
290,5
291,765
292,322
293,609
294,950
295,167
296,86
297,520
298,108
299,335
300,694
301,926
302,87
303,379
304,291
305,978
306,850
307,312
308,402
309,802
310,357
311,577
312,201
313,369
314,594
315,102
316,537
317,331
318,940
319,643
320,708
321,872
322,270
323,714
324,401
325,793
326,757
327,604
328,652
329,683
330,568
331,776
332,330
333,423
334,948
335,186
336,424
337,256
338,354
339,683
340,566
341,64
342,553
343,299
344,999
345,935
346,810
347,374
348,91
349,845
350,867
351,571
352,226
353,337
354,157
355,762
356,469
357,40
358,421
359,764
360,688
361,425
362,769
363,410
364,410
365,132
366,121
367,138
368,571
369,242
370,719
371,997
372,618
373,522
374,24
375,536
376,718
377,972
378,721
379,240
380,464
381,875
382,340
383,319
384,913
385,171
386,82
387,694
388,947
389,204
390,323
391,240
392,433
393,195
394,957
395,919
396,465
397,417
398,993
399,469
400,123
401,977
402,588
403,822
404,90
405,478
406,363
407,832
408,32
409,906
410,804
411,107
412,658
413,528
414,943
415,593
416,288
417,938
418,449
419,364
420,604
421,559
422,470
423,880
424,648
425,30
426,88
427,413
428,250
429,988
430,108
431,671
432,444
433,311
434,829
435,757
436,605
437,805
438,849
439,338
440,618
441,901
442,100
443,626
444,179
445,452
446,651
447,364
448,221
449,602
450,313
451,141
452,560
453,413
454,477
455,38
456,376
457,485
458,319
459,661
460,551
461,264
462,433
463,524
464,305
465,481
466,103
467,1
468,670
469,980
470,0
471,827
472,301
473,300
474,717
475,160
476,109
477,322
478,373
479,507
480,621
481,335
482,676
483,42
484,109
485,858
486,323
487,339
488,24
489,290
490,325
491,897
492,395
493,38
494,210
495,189
496,94
497,496
498,861
499,186
500,538
501,206
502,49
503,503
504,5
505,325
506,364
507,730
508,732
509,729
510,238
511,479
512,26
513,201
514,617
515,6
516,197
517,886
518,870
519,626
520,400
521,530
522,30
523,232
524,484
525,472
526,350
527,78
528,950
529,952
530,247
531,788
532,231
533,75
534,668
535,156
536,732
537,676
538,485
539,119
540,480
541,168
542,762
543,549
544,451
545,188
546,677
547,843
548,845
549,843
550,103
551,842
552,888
553,486
554,721
555,632
556,967
557,580
558,993
559,622
560,670
561,311
562,754
563,592
564,437
565,610
566,929
567,84
568,609
569,666
570,992
571,929
572,175
573,699
574,349
575,409
576,623
577,700
578,542
579,608
580,329
581,93
582,694
583,78
584,515
585,655
586,516
587,807
588,668
589,24
590,99
591,750
592,339
593,376
594,605
595,106
596,320
597,791
598,649
599,517
600,891
601,580
602,339
603,747
604,623
605,608
606,312
607,87
608,3
609,38
610,983
611,934
612,736
613,868
614,885
615,787
616,561
617,175
618,987
619,292
620,468
621,382
622,932
623,754
624,249
625,815
626,359
627,683
628,578
629,411
630,532
631,412
632,309
633,643
634,527
635,632
636,481
637,26
638,20
639,586
640,526
641,879
642,567
643,51
644,679
645,961
646,765
647,524
648,545
649,510
650,497
651,975
652,150
653,143
654,442
655,41
656,853
657,119
658,681
659,360
660,480
661,73
662,304
663,968
664,283
665,303
666,302
667,404
668,954
669,199
670,670
671,71
672,239
673,876
674,694
675,802
676,161
677,642
678,656
679,480
680,402
681,24
682,662
683,855
684,511
685,911
686,741
687,913
688,457
689,451
690,904
691,402
692,471
693,835
694,789
695,590
696,190
697,702
698,468
699,552
700,28
701,387
702,665
703,278
704,402
705,192
706,533
707,890
708,76
709,948
710,575
711,173
712,440
713,906
714,348
715,812
716,919
717,727
718,57
719,613
720,946
721,533
722,439
723,941
724,719
725,760
726,562
727,417
728,1
729,615
730,676
731,948
732,948
733,732
734,33
735,144
736,668
737,463
738,939
739,235
740,169
741,969
742,562
743,286
744,964
745,360
746,708
747,603
748,185
749,743
750,79
751,310
752,507
753,809
754,664
755,646
756,199
757,739
758,624
759,990
760,487
761,994
762,991
763,587
764,212
765,419
766,930
767,146
768,925
769,758
770,36
771,632
772,996
773,439
774,937
775,174
776,949
777,451
778,821
779,199
780,868
781,214
782,47
783,237
784,894
785,358
786,868
787,771
788,281
789,516
790,84
791,631
792,720
793,481
794,90
795,757
796,809
797,66
798,265
799,269
800,341
801,636
802,667
803,370
804,930
805,821
806,979
807,21
808,104
809,682
810,320
811,157
812,316
813,134
814,608
815,917
816,192
817,683
818,527
819,310
820,302
821,338
822,258
823,81
824,497
825,974
826,885
827,337
828,372
829,291
830,693
831,906
832,569
833,653
834,541
835,540
836,18
837,337
838,852
839,91
840,748
841,588
842,917
843,20
844,745
845,898
846,692
847,228
848,26
849,452
850,584
851,837
852,864
853,502
854,124
855,232
856,640
857,435
858,53
859,324
860,485
861,271
862,798
863,56
864,770
865,194
866,595
867,556
868,467
869,38
870,592
871,5
872,182
873,381
874,476
875,167
876,967
877,813
878,423
879,624
880,834
881,496
882,735
883,880
884,326
885,247
886,460
887,76
888,665
889,601
890,318
891,932
892,723
893,939
894,267
895,268
896,970
897,669
898,688
899,510
900,392
901,352
902,583
903,21
904,694
905,424
906,646
907,143
908,271
909,451
910,311
911,791
912,552
913,706
914,770
915,381
916,331
917,390
918,49
919,219
920,631
921,48
922,310
923,480
924,561
925,801
926,75
927,688
928,690
929,361
930,550
931,894
932,871
933,204
934,125
935,625
936,131
937,208
938,37
939,550
940,681
941,4
942,272
943,689
944,587
945,639
946,347
947,854
948,567
949,623
950,854
951,327
952,131
953,125
954,603
955,88
956,332
957,456
958,65
959,812
960,331
961,493
962,37
963,499
964,954
965,345
966,802
967,426
968,639
969,917
970,564
971,379
972,984
973,822
974,647
975,971
976,736
977,885
978,276
979,631
980,392
981,423
982,147
983,641
984,503
985,923
986,749
987,74
988,848
989,30
990,145
991,31
992,147
993,453
994,746
995,27
996,564
997,377
998,613
999,39
1000,509
1001,939
1002,845
1003,703
1004,599
1005,581
1006,965
1007,200
1008,253
1009,105
1010,480
1011,861
1012,161
1013,543
1014,819
1015,100
1016,56
1017,665
1018,525
1019,99
1020,22
1021,499
1022,495
1023,978
1024,230
1025,357
1026,613
1027,706
1028,377
1029,741
1030,721
1031,855
1032,214
1033,974
1034,551
1035,647
1036,437
1037,967
1038,96
1039,206
1040,152
1041,684
1042,524
1043,161
1044,920
1045,983
1046,454
1047,915
1048,233
1049,437
1050,743
1051,625
1052,465
1053,332
1054,757
1055,163
1056,268
1057,29
1058,103
1059,620
1060,426
1061,588
1062,449
1063,296
1064,277
1065,305
1066,59
1067,985
1068,113
1069,498
1070,134
1071,63
1072,946
1073,699
1074,326
1075,864
1076,918
1077,337
1078,9
1079,226
1080,638
1081,397
1082,582
1083,293
1084,401
1085,155
1086,620
1087,962
1088,913
1089,560
1090,660
1091,955
1092,61
1093,57
1094,638
1095,868
1096,587
1097,146
1098,852
1099,176
1100,505
1101,850
1102,518
1103,27
1104,795
1105,961
1106,977
1107,180
1108,935
1109,601
1110,623
1111,108
1112,633
1113,880
1114,773
1115,596
1116,730
1117,153
1118,481
1119,943
1120,127
1121,41
1122,602
1123,101
1124,538
1125,990
1126,976
1127,682
1128,284
1129,734
1130,390
1131,107
1132,425
1133,362
1134,65
1135,982
1136,938
1137,781
1138,388
1139,780
1140,603
1141,496
1142,55
1143,439
1144,188
1145,145
1146,464
1147,743
1148,752
1149,454
1150,252
1151,427
1152,250
1153,921
1154,18
1155,336
1156,44
1157,350
1158,287
1159,670
1160,937
1161,955
1162,835
1163,268
1164,11
1165,996
1166,589
1167,324
1168,383
1169,843
1170,880
1171,329
1172,172
1173,802
1174,427
1175,367
1176,291
1177,707
1178,464
1179,883
1180,652
1181,121
1182,270
1183,740
1184,506
1185,63
1186,405
1187,516
1188,997
1189,885
1190,37
1191,577
1192,46
1193,604
1194,113
1195,507
1196,702
1197,538
1198,591
1199,760
1200,369
1201,176
1202,720
1203,654
1204,395
1205,768
1206,987
1207,342
1208,147
1209,735
1210,530
1211,274
1212,369
1213,787
1214,64
1215,588
1216,60
1217,905
1218,2
1219,932
1220,107
1221,17
1222,691
1223,287
1224,905
1225,570
1226,993
1227,322
1228,640
1229,304
1230,861
1231,295
1232,549
1233,149
1234,838
1235,373
1236,334
1237,169
1238,807
1239,380
1240,944
1241,266
1242,810
1243,52
1244,179
1245,191
1246,350
1247,299
1248,115
1249,550
1250,588
1251,785
1252,845
1253,401
1254,660
1255,807
1256,987
1257,282
1258,948
1259,853
1260,73
1261,69
1262,265
1263,700
1264,745
1265,702
1266,128
1267,861
1268,83
1269,600
1270,94
1271,607
1272,105
1273,163
1274,970
1275,299
1276,138
1277,947
1278,983
1279,675
1280,93
1281,69
1282,46
1283,779
1284,860
1285,489
1286,136
1287,467
1288,896
1289,38
1290,399
1291,385
1292,534
1293,738
1294,402
1295,186
1296,572
1297,180
1298,663
1299,445
1300,757
1301,793
1302,745
1303,529
1304,128
1305,248
1306,809
1307,929
1308,18
1309,508
1310,283
1311,229
1312,523
1313,125
1314,533
1315,870
1316,615
1317,910
1318,420
1319,671
1320,985
1321,563
1322,291
1323,303
1324,90
1325,734
1326,791
1327,651
1328,416
1329,532
1330,568
1331,215
1332,885
1333,217
1334,650
1335,439
1336,659
1337,574
1338,518
1339,805
1340,749
1341,720
1342,93
1343,589
1344,704
1345,896
1346,860
1347,753
1348,100
1349,485
1350,819
1351,165
1352,465
1353,143
1354,299
1355,316
1356,499
1357,779
1358,563
1359,702
1360,358
1361,846
1362,510
1363,255
1364,200
1365,55
1366,57
1367,220
1368,98
1369,296
1370,990
1371,63
1372,137
1373,85
1374,275
1375,496
1376,76
1377,262
1378,277
1379,426
1380,543
1381,798
1382,125
1383,831
1384,386
1385,837
1386,690
1387,362
1388,116
1389,589
1390,239
1391,946
1392,775
1393,602
1394,323
1395,877
1396,234
1397,885
1398,724
1399,862
1400,36
1401,237
1402,724
1403,488
1404,590
1405,379
1406,398
1407,30
1408,407
1409,209
1410,818
1411,517
1412,161
1413,730
1414,296
1415,709
1416,58
1417,36
1418,980
1419,793
1420,255
1421,96
1422,260
1423,691
1424,222
1425,317
1426,885
1427,286
1428,536
1429,434
1430,379
1431,950
1432,974
1433,240
1434,177
1435,251
1436,68
1437,972
1438,614
1439,563
1440,412
1441,374
1442,671
1443,405
1444,455
1445,946
1446,731
1447,908
1448,449
1449,982
1450,285
1451,932
1452,934
1453,344
1454,784
1455,148
1456,270
1457,66
1458,584
1459,491
1460,629
1461,81
1462,300
1463,336
1464,206
1465,101
1466,688
1467,719
1468,160
1469,347
1470,634
1471,288
1472,712
1473,364
1474,899
1475,136
1476,396
1477,408
1478,154
1479,133
1480,959
1481,734
1482,815
1483,433
1484,485
1485,778
1486,707
1487,928
1488,720
1489,449
1490,181
1491,294
1492,443
1493,995
1494,910
1495,157
1496,176
1497,104
1498,789
1499,291
1500,967
1501,348
1502,542
1503,28
1504,37
1505,106
1506,861
1507,558
1508,375
1509,274
1510,725
1511,389
1512,757
1513,346
1514,633
1515,389
1516,732
1517,517
1518,386
1519,679
1520,320
1521,386
1522,372
1523,637
1524,445
1525,973
1526,435
1527,715
1528,546
1529,996
1530,88
1531,178
1532,821
1533,718
1534,586
1535,621
1536,479
1537,725
1538,93
1539,227
1540,156
1541,405
1542,3
1543,651
1544,880
1545,883
1546,985
1547,940
1548,708
1549,560
1550,821
1551,140
1552,145
1553,932
1554,831
1555,863
1556,893
1557,102
1558,80
1559,65
1560,546
1561,471
1562,229
1563,351
1564,457
1565,36
1566,926
1567,293
1568,372
1569,860
1570,136
1571,730
1572,579
1573,252
1574,944
1575,634
1576,703
1577,196
1578,856
1579,963
1580,733
1581,411
1582,58
1583,361
1584,627
1585,590
1586,559
1587,58
1588,326
1589,735
1590,279
1591,152
1592,377
1593,823
1594,756
1595,521
1596,756
1597,282
1598,920
1599,657
1600,682
1601,564
1602,16
1603,267
1604,834
1605,370
1606,913
1607,485
1608,565
1609,749
1610,181
1611,189
1612,738
1613,660
1614,231
1615,553
1616,867
1617,340
1618,477
1619,940
1620,823
1621,184
1622,904
1623,479
1624,251
1625,526
1626,265
1627,678
1628,993
1629,658
1630,148
1631,66
1632,455
1633,621
1634,742
1635,363
1636,281
1637,909
1638,728
1639,456
1640,704
1641,778
1642,661
1643,310
1644,461
1645,855
1646,791
1647,828
1648,30
1649,820
1650,316
1651,752
1652,59
1653,363
1654,331
1655,184
1656,832
1657,774
1658,595
1659,266
1660,618
1661,186
1662,458
1663,991
1664,298
1665,154
1666,311
1667,774
1668,749
1669,131
1670,812
1671,345
1672,216
1673,988
1674,737
1675,547
1676,961
1677,433
1678,306
1679,324
1680,416
1681,204
1682,771
1683,746
1684,467
1685,20
1686,796
1687,929
1688,506
1689,451
1690,915
1691,660
1692,401
1693,60
1694,724
1695,979
1696,980
1697,673
1698,272
1699,695
1700,954
1701,650
1702,155
1703,455
1704,698
1705,710
1706,876
1707,371
1708,599
1709,543
1710,433
1711,860
1712,804
1713,871
1714,780
1715,391
1716,421
1717,873
1718,810
1719,189
1720,962
1721,509
1722,277
1723,626
1724,43
1725,590
1726,274
1727,131
1728,527
1729,672
1730,700
1731,184
1732,245
1733,839
1734,246
1735,181
1736,203
1737,458
1738,359
1739,558
1740,802
1741,703
1742,205
1743,442
1744,194
1745,464
1746,814
1747,391
1748,967
1749,47
1750,381
1751,974
1752,724
1753,599
1754,339
1755,621
1756,6
1757,19
1758,117
1759,432
1760,22
1761,645
1762,478
1763,958
1764,602
1765,762
1766,101
1767,662
1768,475
1769,298
1770,123
1771,135
1772,594
1773,689
1774,674
1775,897
1776,475
1777,408
1778,954
1779,60
1780,502
1781,88
1782,251
1783,857
1784,987
1785,309
1786,847
1787,711
1788,737
1789,621
1790,389
1791,65
1792,194
1793,478
1794,381
1795,792
1796,440
1797,457
1798,650
1799,273
1800,432
1801,940
1802,229
1803,269
1804,281
1805,292
1806,612
1807,32
1808,279
1809,13
1810,241
1811,346
1812,116
1813,68
1814,867
1815,268
1816,81
1817,554
1818,60
1819,31
1820,720
1821,708
1822,298
1823,162
1824,377
1825,864
1826,118
1827,964
1828,188
1829,199
1830,705
1831,299
1832,358
1833,296
1834,151
1835,238
1836,794
1837,6
1838,955
1839,580
1840,176
1841,31
1842,435
1843,410
1844,666
1845,494
1846,271
1847,383
1848,961
1849,889
1850,435
1851,988
1852,748
1853,123
1854,757
1855,913
1856,232
1857,222
1858,66
1859,548
1860,946
1861,314
1862,203
1863,324
1864,889
1865,248
1866,940
1867,312
1868,318
1869,347
1870,434
1871,971
1872,920
1873,89
1874,496
1875,722
1876,343
1877,372
1878,247
1879,156
1880,830
1881,114
1882,73
1883,851
1884,622
1885,199
1886,138
1887,662
1888,500
1889,972
1890,840
1891,363
1892,132
1893,175
1894,848
1895,24
1896,658
1897,586
1898,605
1899,128
1900,357
1901,666
1902,415
1903,475
1904,884
1905,151
1906,378
1907,57
1908,349
1909,477
1910,647
1911,744
1912,384
1913,408
1914,91
1915,6
1916,496
1917,700
1918,196
1919,955
1920,555
1921,45
1922,419
1923,671
1924,257
1925,430
1926,411
1927,47
1928,17
1929,846
1930,384
1931,257
1932,364
1933,597
1934,522
1935,493
1936,362
1937,308
1938,396
1939,816
1940,182
1941,371
1942,160
1943,106
1944,370
1945,202
1946,95
1947,591
1948,331
1949,557
1950,403
1951,177
1952,104
1953,636
1954,646
1955,121
1956,829
1957,650
1958,319
1959,963
1960,734
1961,646
1962,222
1963,300
1964,266
1965,929
1966,181
1967,710
1968,907
1969,515
1970,859
1971,794
1972,656
1973,210
1974,374
1975,103
1976,629
1977,58
1978,845
1979,865
1980,483
1981,190
1982,509
1983,354
1984,52
1985,783
1986,201
1987,113
1988,191
1989,101
1990,976
1991,860
1992,485
1993,383
1994,836
1995,534
1996,989
1997,855
1998,293
1999,868
2000,359
2001,402
2002,137
2003,633
2004,252
2005,871
2006,144
2007,420
2008,892
2009,402
2010,783
2011,162
2012,952
2013,385
2014,405
2015,654
2016,99
2017,207
2018,441
2019,532
2020,465
2021,961
2022,363
2023,519
2024,705
2025,867
2026,863
2027,657
2028,326
2029,518
2030,580
2031,661
2032,274
2033,592
2034,136
2035,457
2036,398
2037,178
2038,850
2039,908
2040,850
2041,204
2042,68
2043,484
2044,385
2045,637
2046,96
2047,823
2048,178
2049,546
2050,156
2051,817
2052,35
2053,84
2054,411
2055,912
2056,303
2057,92
2058,893
2059,355
2060,962
2061,83
2062,341
2063,309
2064,703
2065,361
2066,118
2067,419
2068,395
2069,470
2070,56
2071,498
2072,365
2073,275
2074,231
2075,234
2076,995
2077,657
2078,855
2079,757
2080,149
2081,892
2082,853
2083,433
2084,904
2085,819
2086,645
2087,993
2088,297
2089,692
2090,74
2091,585
2092,231
2093,427
2094,8
2095,343
2096,290
2097,245
2098,286
2099,276
2100,995
2101,571
2102,990
2103,626
2104,160
2105,82
2106,17
2107,925
2108,386
2109,877
2110,687
2111,566
2112,110
2113,693
2114,965
2115,282
2116,560
2117,506
2118,724
2119,294
2120,391
2121,175
2122,175
2123,499
2124,621
2125,95
2126,602
2127,829
2128,608
2129,436
2130,204
2131,256
2132,509
2133,942
2134,23
2135,643
2136,565
2137,934
2138,735
2139,313
2140,916
2141,164
2142,921
2143,485
2144,971
2145,138
2146,817
2147,203
2148,357
2149,215
2150,428
2151,32
2152,184
2153,768
2154,568
2155,386
2156,700
2157,894
2158,897
2159,14
2160,147
2161,227
2162,692
2163,864
2164,498
2165,489
2166,227
2167,593
2168,362
2169,239
2170,440
2171,77
2172,376
2173,546
2174,772
2175,243
2176,449
2177,699
2178,437
2179,278
2180,498
2181,606
2182,106
2183,890
2184,798
2185,546
2186,835
2187,420
2188,33
2189,969
2190,838
2191,715
2192,601
2193,751
2194,886
2195,413
2196,477
2197,63
2198,528
2199,821
2200,957
2201,570
2202,449
2203,759
2204,632
2205,838
2206,817
2207,796
2208,301
2209,981
2210,599
2211,867
2212,562
2213,656
2214,368
2215,276
2216,17
2217,373
2218,373
2219,398
2220,71
2221,796
2222,890
2223,350
2224,61
2225,517
2226,947
2227,325
2228,97
2229,666
2230,956
2231,875
2232,467
2233,913
2234,621
2235,838
2236,895
2237,216
2238,860
2239,471
2240,661
2241,791
2242,495
2243,82
2244,142
2245,737
2246,573
2247,80
2248,846
2249,931
2250,535
2251,433
2252,932
2253,676
2254,406
2255,762
2256,337
2257,11
2258,46
2259,612
2260,473
2261,586
2262,896
2263,614
2264,45
2265,951
2266,336
2267,276
2268,130
2269,3
2270,844
2271,359
2272,597
2273,543
2274,909
2275,693
2276,114
2277,704
2278,280
2279,603
2280,493
2281,497
2282,155
2283,756
2284,260
2285,385
2286,481
2287,122
2288,445
2289,184
2290,227
2291,540
2292,249
2293,367
2294,565
2295,757
2296,616
2297,137
2298,476
2299,94
2300,945
2301,478
2302,910
2303,508
2304,276
2305,729
2306,780
2307,680
2308,545
2309,983
2310,845
2311,211
2312,256
2313,961
2314,118
2315,198
2316,238
2317,298
2318,437
2319,121
2320,179
2321,664
2322,679
2323,589
2324,705
2325,417
2326,146
2327,40
2328,861
2329,855
2330,756
2331,749
2332,245
2333,480
2334,791
2335,609
2336,510
2337,43
2338,311
2339,954
2340,111
2341,66
2342,851
2343,320
2344,277
2345,25
2346,417
2347,533
2348,241
2349,631
2350,235
2351,204
2352,45
2353,197
2354,258
2355,22
2356,809
2357,816
2358,778
2359,926
2360,255
2361,5
2362,747
2363,703
2364,712
2365,597
2366,760
2367,236
2368,894
2369,451
2370,478
2371,880
2372,251
2373,488
2374,252
2375,253
2376,417
2377,615
2378,118
2379,197
2380,77
2381,918
2382,13
2383,202
2384,947
2385,808
2386,188
2387,231
2388,245
2389,786
2390,637
2391,474
2392,887
2393,786
2394,280
2395,700
2396,21
2397,477
2398,805
2399,333
2400,988
2401,28
2402,218
2403,736
2404,772
2405,233
2406,518
2407,112
2408,657
2409,179
2410,903
2411,429
2412,968
2413,275
2414,800
2415,761
2416,299
2417,863
2418,277
2419,834
2420,732
2421,423
2422,278
2423,792
2424,712
2425,392
2426,999
2427,378
2428,60
2429,108
2430,253
2431,540
2432,817
2433,692
2434,219
2435,771
2436,320
2437,431
2438,94
2439,805
2440,685
2441,297
2442,92
2443,802
2444,727
2445,790
2446,233
2447,763
2448,276
2449,42
2450,324
2451,916
2452,823
2453,325
2454,173
2455,951
2456,195
2457,381
2458,794
2459,37
2460,140
2461,112
2462,275
2463,948
2464,512
2465,63
2466,471
2467,816
2468,175
2469,367
2470,257
2471,225
2472,941
2473,471
2474,196
2475,540
2476,41
2477,210
2478,930
2479,968
2480,616
2481,633
2482,67
2483,528
2484,998
2485,324
2486,185
2487,293
2488,992
2489,943
2490,805
2491,835
2492,251
2493,89
2494,582
2495,744
2496,312
2497,588
2498,547
2499,259
2500,180
2501,597
2502,688
2503,796
2504,408
2505,571
2506,776
2507,230
2508,585
2509,415
2510,509
2511,453
2512,282
2513,453
2514,546
2515,726
2516,54
2517,111
2518,405
2519,566
2520,912
2521,569
2522,938
2523,452
2524,779
2525,64
2526,896
2527,528
2528,337
2529,12
2530,914
2531,497
2532,382
2533,720
2534,207
2535,401
2536,428
2537,652
2538,469
2539,192
2540,989
2541,526
2542,750
2543,763
2544,691
2545,6
2546,310
2547,993
2548,195
2549,824
2550,467
2551,826
2552,677
2553,816
2554,681
2555,303
2556,187
2557,988
2558,892
2559,342
2560,97
2561,672
2562,879
2563,963
2564,544
2565,693
2566,468
2567,967
2568,330
2569,472
2570,821
2571,698
2572,685
2573,130
2574,155
2575,358
2576,546
2577,548
2578,967
2579,944
2580,983
2581,568
2582,911
2583,152
2584,729
2585,131
2586,276
2587,411
2588,136
2589,67
2590,866
2591,277
2592,419
2593,545
2594,753
2595,440
2596,467
2597,849
2598,28
2599,272
2600,517
2601,341
2602,200
2603,342
2604,623
2605,759
2606,466
2607,200
2608,905
2609,515
2610,432
2611,214
2612,863
2613,49
2614,261
2615,778
2616,152
2617,612
2618,92
2619,818
2620,859
2621,245
2622,720
2623,537
2624,100
2625,692
2626,884
2627,9
2628,549
2629,861
2630,547
2631,913
2632,326
2633,276
2634,96
2635,174
2636,853
2637,456
2638,998
2639,316
2640,726
2641,65
2642,688
2643,741
2644,755
2645,797
2646,141
2647,141
2648,865
2649,680
2650,422
2651,704
2652,881
2653,411
2654,710
2655,968
2656,390
2657,724
2658,259
2659,10
2660,749
2661,748
2662,372
2663,664
2664,307
2665,97
2666,460
2667,82
2668,322
2669,832
2670,285
2671,208
2672,848
2673,804
2674,67
2675,720
2676,585
2677,121
2678,301
2679,909
2680,715
2681,643
2682,878
2683,795
2684,478
2685,290
2686,924
2687,165
2688,397
2689,354
2690,541
2691,745
2692,325
2693,108
2694,119
2695,912
2696,20
2697,223
2698,716
2699,416
2700,937
2701,187
2702,65
2703,932
2704,963
2705,851
2706,172
2707,185
2708,618
2709,736
2710,764
2711,223
2712,32
2713,133
2714,225
2715,336
2716,951
2717,788
2718,947
2719,580
2720,545
2721,860
2722,563
2723,294
2724,14
2725,92
2726,283
2727,619
2728,340
2729,958
2730,178
2731,402
2732,813
2733,51
2734,554
2735,548
2736,692
2737,147
2738,358
2739,193
2740,893
2741,591
2742,782
2743,131
2744,989
2745,616
2746,182
2747,68
2748,225
2749,818
2750,239
2751,84
2752,782
2753,293
2754,719
2755,920
2756,20
2757,829
2758,767
2759,424
2760,852
2761,996
2762,971
2763,968
2764,596
2765,426
2766,470
2767,512
2768,842
2769,869
2770,92
2771,273
2772,939
2773,541
2774,7
2775,153
2776,759
2777,309
2778,218
2779,849
2780,745
2781,946
2782,322
2783,954
2784,592
2785,439
2786,189
2787,674
2788,316
2789,670
2790,131
2791,905
2792,597
2793,317
2794,371
2795,647
2796,237
2797,524
2798,712
2799,827
2800,741
2801,401
2802,666
2803,462
2804,56
2805,152
2806,743
2807,297
2808,181
2809,325
2810,434
2811,989
2812,481
2813,765
2814,319
2815,312
2816,880
2817,192
2818,666
2819,7
2820,428
2821,274
2822,858
2823,788
2824,622
2825,133
2826,769
2827,651
2828,256
2829,716
2830,137
2831,804
2832,353
2833,913
2834,194
2835,320
2836,788
2837,430
2838,526
2839,922
2840,803
2841,279
2842,1
2843,678
2844,102
2845,609
2846,103
2847,244
2848,407
2849,380
2850,876
2851,321
2852,444
2853,596
2854,783
2855,835
2856,531
2857,472
2858,934
2859,475
2860,705
2861,507
2862,974
2863,30
2864,164
2865,715
2866,27
2867,634
2868,803
2869,893
2870,653
2871,276
2872,190
2873,849
2874,35
2875,698
2876,300
2877,192
2878,58
2879,32
2880,741
2881,252
2882,751
2883,508
2884,730
2885,739
2886,241
2887,904
2888,133
2889,311
2890,350
2891,364
2892,827
2893,654
2894,908
2895,787
2896,911
2897,490
2898,902
2899,837
2900,627
2901,660
2902,139
2903,599
2904,568
2905,66
2906,278
2907,92
2908,994
2909,935
2910,48
2911,770
2912,235
2913,614
2914,400
2915,842
2916,907
2917,636
2918,897
2919,484
2920,686
2921,709
2922,568
2923,499
2924,51
2925,954
2926,582
2927,495
2928,141
2929,219
2930,658
2931,583
2932,829
2933,434
2934,500
2935,313
2936,989
2937,649
2938,247
2939,79
2940,422
2941,725
2942,962
2943,942
2944,834
2945,525
2946,149
2947,401
2948,248
2949,480
2950,255
2951,251
2952,713
2953,959
2954,38
2955,611
2956,219
2957,921
2958,498
2959,314
2960,414
2961,907
2962,172
2963,541
2964,77
2965,429
2966,314
2967,930
2968,862
2969,212
2970,162
2971,5
2972,866
2973,796
2974,637
2975,263
2976,511
2977,344
2978,220
2979,783
2980,793
2981,380
2982,498
2983,817
2984,686
2985,266
2986,549
2987,843
2988,764
2989,30
2990,768
2991,15
2992,565
2993,243
2994,829
2995,586
2996,77
2997,594
2998,599
2999,879
3000,148
3001,16
3002,231
3003,377
3004,558
3005,682
3006,79
3007,637
3008,597
3009,576
3010,589
3011,967
3012,460
3013,364
3014,123
3015,861
3016,630
3017,919
3018,417
3019,376
3020,449
3021,835
3022,188
3023,577
3024,442
3025,246
3026,305
3027,805
3028,512
3029,326
3030,274
3031,504
3032,729
3033,242
3034,970
3035,160
3036,829
3037,86
3038,806
3039,786
3040,882
3041,511
3042,632
3043,219
3044,684
3045,250
3046,420
3047,936
3048,28
3049,594
3050,462
3051,857
3052,22
3053,810
3054,661
3055,41
3056,877
3057,392
3058,117
3059,399
3060,740
3061,140
3062,141
3063,907
3064,85
3065,593
3066,860
3067,902
3068,426
3069,272
3070,470
3071,469
3072,373
3073,567
3074,221
3075,199
3076,681
3077,311
3078,625
3079,332
3080,262
3081,441
3082,711
3083,123
3084,704
3085,305
3086,14
3087,688
3088,286
3089,394
3090,347
3091,487
3092,657
3093,546
3094,117
3095,512
3096,5
3097,382
3098,347
3099,554
3100,306
3101,85
3102,402
3103,347
3104,452
3105,787
3106,520
3107,451
3108,461
3109,56
3110,995
3111,266
3112,537
3113,535
3114,572
3115,367
3116,209
3117,200
3118,444
3119,683
3120,385
3121,435
3122,949
3123,922
3124,388
3125,813
3126,2
3127,930
3128,744
3129,350
3130,642
3131,607
3132,480
3133,981
3134,191
3135,238
3136,416
3137,810
3138,450
3139,752
3140,910
3141,730
3142,41
3143,168
3144,373
3145,297
3146,275
3147,665
3148,530
3149,475
3150,169
3151,645
3152,995
3153,965
3154,684
3155,726
3156,16
3157,704
3158,496
3159,264
3160,204
3161,467
3162,750
3163,286
3164,787
3165,479
3166,24
3167,609
3168,375
3169,796
3170,960
3171,562
3172,830
3173,590
3174,149
3175,415
3176,618
3177,285
3178,692
3179,316
3180,756
3181,221
3182,623
3183,512
3184,953
3185,860
3186,605
3187,777
3188,17
3189,899
3190,809
3191,867
3192,899
3193,56
3194,478
3195,536
3196,383
3197,873
3198,183
3199,847
3200,176
3201,881
3202,586
3203,166
3204,809
3205,309
3206,24
3207,749
3208,150
3209,365
3210,504
3211,994
3212,925
3213,341
3214,531
3215,580
3216,184
3217,984
3218,672
3219,631
3220,532
3221,44
3222,946
3223,545
3224,472
3225,333
3226,652
3227,526
3228,718
3229,606
3230,654
3231,374
3232,577
3233,437
3234,819
3235,133
3236,333
3237,102
3238,66
3239,732
3240,329
3241,245
3242,310
3243,449
3244,804
3245,504
3246,7
3247,899
3248,138
3249,328
3250,39
3251,156
3252,570
3253,156
3254,653
3255,258
3256,897
3257,554
3258,453
3259,335
3260,386
3261,406
3262,929
3263,786
3264,499
3265,127
3266,728
3267,318
3268,967
3269,993
3270,822
3271,339
3272,734
3273,52
3274,157
3275,23
3276,48
3277,260
3278,4
3279,389
3280,555
3281,765
3282,78
3283,223
3284,803
3285,334
3286,781
3287,454
3288,201
3289,673
3290,548
3291,68
3292,254
3293,476
3294,518
3295,208
3296,513
3297,19
3298,144
3299,925
3300,601
3301,79
3302,75
3303,927
3304,382
3305,600
3306,468
3307,939
3308,294
3309,829
3310,946
3311,428
3312,718
3313,769
3314,43
3315,62
3316,315
3317,229
3318,691
3319,594
3320,594
3321,453
3322,227
3323,697
3324,222
3325,107
3326,987
3327,299
3328,470
3329,218
3330,717
3331,82
3332,523
3333,403
3334,495
3335,957
3336,332
3337,544
3338,565
3339,938
3340,714
3341,947
3342,451
3343,984
3344,546
3345,652
3346,864
3347,290
3348,971
3349,230
3350,545
3351,916
3352,727
3353,737
3354,174
3355,798
3356,877
3357,226
3358,470
3359,466
3360,299
3361,636
3362,104
3363,291
3364,88
3365,493
3366,54
3367,768
3368,254
3369,526
3370,34
3371,348
3372,974
3373,91
3374,584
3375,104
3376,444
3377,464
3378,240
3379,506
3380,729
3381,579
3382,809
3383,456
3384,962
3385,739
3386,676
3387,490
3388,204
3389,409
3390,883
3391,877
3392,965
3393,88
3394,780
3395,821
3396,658
3397,260
3398,444
3399,196
3400,824
3401,165
3402,261
3403,271
3404,31
3405,561
3406,311
3407,26
3408,727
3409,691
3410,115
3411,963
3412,233
3413,16
3414,3
3415,879
3416,608
3417,672
3418,224
3419,216
3420,172
3421,847
3422,827
3423,131
3424,635
3425,983
3426,533
3427,612
3428,963
3429,711
3430,395
3431,479
3432,143
3433,594
3434,272
3435,945
3436,674
3437,208
3438,244
3439,152
3440,637
3441,137
3442,419
3443,509
3444,727
3445,426
3446,426
3447,537
3448,293
3449,919
3450,781
3451,977
3452,56
3453,216
3454,750
3455,944
3456,402
3457,334
3458,602
3459,349
3460,575
3461,855
3462,776
3463,214
3464,449
3465,666
3466,947
3467,308
3468,987
3469,83
3470,563
3471,299
3472,703
3473,232
3474,124
3475,216
3476,629
3477,96
3478,493
3479,216
3480,990
3481,9
3482,807
3483,651
3484,929
3485,271
3486,150
3487,341
3488,611
3489,379
3490,760
3491,348
3492,136
3493,502
3494,315
3495,529
3496,615
3497,48
3498,52
3499,168
3500,774
3501,269
3502,400
3503,647
3504,903
3505,557
3506,776
3507,120
3508,167
3509,93
3510,959
3511,734
3512,911
3513,949
3514,689
3515,372
3516,686
3517,618
3518,529
3519,153
3520,266
3521,695
3522,538
3523,613
3524,17
3525,371
3526,837
3527,399
3528,564
3529,321
3530,803
3531,212
3532,796
3533,490
3534,276
3535,492
3536,722
3537,390
3538,598
3539,63
3540,693
3541,466
3542,433
3543,787
3544,83
3545,537
3546,485
3547,727
3548,102
3549,547
3550,684
3551,394
3552,637
3553,100
3554,344
3555,703
3556,532
3557,500
3558,325
3559,874
3560,902
3561,68
3562,900
3563,789
3564,613
3565,988
3566,73
3567,240
3568,111
3569,610
3570,642
3571,786
3572,956
3573,23
3574,522
3575,112
3576,250
3577,55
3578,860
3579,20
3580,868
3581,136
3582,982
3583,739
3584,858
3585,346
3586,17
3587,613
3588,559
3589,16
3590,343
3591,88
3592,511
3593,254
3594,956
3595,606
3596,329
3597,195
3598,462
3599,862
3600,627
3601,464
3602,723
3603,103
3604,757
3605,475
3606,662
3607,543
3608,79
3609,423
3610,86
3611,901
3612,400
3613,391
3614,21
3615,994
3616,457
3617,294
3618,245
3619,160
3620,940
3621,784
3622,364
3623,843
3624,426
3625,311
3626,21
3627,483
3628,641
3629,650
3630,754
3631,883
3632,167
3633,364
3634,115
3635,206
3636,270
3637,573
3638,426
3639,500
3640,288
3641,896
3642,707
3643,862
3644,268
3645,864
3646,742
3647,558
3648,429
3649,924
3650,419
3651,792
3652,69
3653,638
3654,552
3655,931
3656,778
3657,389
3658,445
3659,419
3660,932
3661,700
3662,446
3663,875
3664,358
3665,591
3666,105
3667,563
3668,18
3669,274
3670,697
3671,526
3672,592
3673,416
3674,297
3675,174
3676,303
3677,783
3678,907
3679,767
3680,708
3681,344
3682,33
3683,668
3684,364
3685,527
3686,867
3687,786
3688,721
3689,96
3690,551
3691,26
3692,832
3693,337
3694,888
3695,45
3696,801
3697,114
3698,73
3699,355
3700,562
3701,141
3702,181
3703,640
3704,137
3705,24
3706,470
3707,338
3708,793
3709,384
3710,132
3711,65
3712,55
3713,509
3714,170
3715,119
3716,724
3717,795
3718,565
3719,515
3720,178
3721,200
3722,789
3723,550
3724,700
3725,353
3726,594
3727,823
3728,204
3729,143
3730,571
3731,291
3732,121
3733,230
3734,829
3735,851
3736,408
3737,994
3738,765
3739,671
3740,737
3741,873
3742,603
3743,943
3744,781
3745,60
3746,907
3747,376
3748,247
3749,571
3750,599
3751,318
3752,628
3753,105
3754,604
3755,510
3756,757
3757,171
3758,241
3759,436
3760,986
3761,418
3762,116
3763,71
3764,916
3765,726
3766,518
3767,409
3768,380
3769,901
3770,954
3771,515
3772,645
3773,935
3774,720
3775,847
3776,232
3777,536
3778,288
3779,896
3780,133
3781,680
3782,395
3783,593
3784,689
3785,111
3786,157
3787,288
3788,57
3789,877
3790,36
3791,832
3792,673
3793,222
3794,491
3795,66
3796,969
3797,851
3798,195
3799,854
3800,302
3801,431
3802,127
3803,443
3804,775
3805,466
3806,399
3807,28
3808,467
3809,663
3810,55
3811,263
3812,209
3813,37
3814,547
3815,325
3816,105
3817,882
3818,742
3819,589
3820,396
3821,476
3822,620
3823,945
3824,927
3825,676
3826,784
3827,771
3828,184
3829,280
3830,566
3831,600
3832,2
3833,925
3834,928
3835,277
3836,524
3837,348
3838,855
3839,370
3840,987
3841,606
3842,230
3843,345
3844,826
3845,189
3846,759
3847,476
3848,510
3849,515
3850,363
3851,180
3852,795
3853,65
3854,11
3855,402
3856,273
3857,53
3858,291
3859,768
3860,875
3861,576
3862,452
3863,723
3864,109
3865,162
3866,239
3867,558
3868,351
3869,451
3870,795
3871,695
3872,95
3873,746
3874,385
3875,564
3876,672
3877,660
3878,669
3879,299
3880,217
3881,286
3882,348
3883,787
3884,299
3885,67
3886,24
3887,505
3888,34
3889,328
3890,42
3891,763
3892,45
3893,207
3894,905
3895,232
3896,437
3897,793
3898,754
3899,259
3900,53
3901,42
3902,114
3903,553
3904,366
3905,497
3906,475
3907,756
3908,815
3909,291
3910,104
3911,919
3912,861
3913,73
3914,589
3915,288
3916,239
3917,533
3918,938
3919,839
3920,443
3921,871
3922,711
3923,686
3924,289
3925,788
3926,569
3927,264
3928,679
3929,752
3930,180
3931,633
3932,201
3933,164
3934,8
3935,665
3936,560
3937,539
3938,180
3939,525
3940,982
3941,171
3942,627
3943,167
3944,384
3945,25
3946,643
3947,415
3948,414
3949,860
3950,737
3951,734
3952,107
3953,325
3954,248
3955,458
3956,625
3957,495
3958,777
3959,941
3960,2
3961,62
3962,619
3963,854
3964,992
3965,13
3966,52
3967,302
3968,719
3969,993
3970,735
3971,576
3972,592
3973,285
3974,669
3975,927
3976,879
3977,478
3978,673
3979,144
3980,773
3981,356
3982,654
3983,874
3984,409
3985,972
3986,907
3987,252
3988,990
3989,986
3990,47
3991,324
3992,4
3993,955
3994,981
3995,795
3996,114
3997,587
3998,581
3999,707
4000,71
4001,127
4002,13
4003,21
4004,244
4005,641
4006,599
4007,215
4008,601
4009,601
4010,886
4011,437
4012,961
4013,585
4014,740
4015,175
4016,659
4017,129
4018,698
4019,521
4020,292
4021,609
4022,272
4023,543
4024,543
4025,321
4026,338
4027,8
4028,738
4029,95
4030,552
4031,584
4032,633
4033,804
4034,515
4035,278
4036,234
4037,416
4038,601
4039,582
4040,998
4041,586
4042,245
4043,80
4044,605
4045,837
4046,609
4047,918
4048,820
4049,222
4050,130
4051,901
4052,290
4053,841
4054,113
4055,651
4056,709
4057,838
4058,656
4059,87
4060,794
4061,143
4062,395
4063,742
4064,336
4065,754
4066,785
4067,306
4068,619
4069,703
4070,848
4071,68
4072,364
4073,52
4074,175
4075,647
4076,951
4077,234
4078,186
4079,890
4080,217
4081,639
4082,703
4083,961
4084,529
4085,275
4086,9
4087,648
4088,952
4089,821
4090,237
4091,183
4092,568
4093,561
4094,152
4095,456
4096,723
4097,883
4098,372
4099,37
4100,74
4101,388
4102,328
4103,977
4104,800
4105,181
4106,906
4107,441
4108,902
4109,250
4110,788
4111,364
4112,255
4113,148
4114,433
4115,673
4116,453
4117,774
4118,837
4119,479
4120,470
4121,122
4122,205
4123,820
4124,870
4125,53
4126,568
4127,367
4128,110
4129,97
4130,182
4131,29
4132,300
4133,929
4134,646
4135,476
4136,18
4137,686
4138,388
4139,814
4140,186
4141,7
4142,351
4143,227
4144,603
4145,172
4146,311
4147,382
4148,513
4149,415
4150,360
4151,25
4152,460
4153,145
4154,283
4155,445
4156,146
4157,114
4158,906
4159,971
4160,488
4161,702
4162,97
4163,899
4164,749
4165,293
4166,717
4167,601
4168,423
4169,283
4170,694
4171,218
4172,417
4173,267
4174,613
4175,814
4176,322
4177,983
4178,46
4179,776
4180,489
4181,8
4182,382
4183,565
4184,573
4185,317
4186,704
4187,993
4188,65
4189,87
4190,543
4191,274
4192,587
4193,671
4194,17
4195,701
4196,100
4197,794
4198,467
4199,605
4200,719
4201,766
4202,129
4203,847
4204,660
4205,489
4206,711
4207,685
4208,435
4209,104
4210,116
4211,229
4212,283
4213,919
4214,872
4215,235
4216,765
4217,126
4218,569
4219,864
4220,973
4221,721
4222,188
4223,514
4224,248
4225,498
4226,960
4227,973
4228,918
4229,765
4230,286
4231,354
4232,685
4233,317
4234,41
4235,39
4236,242
4237,207
4238,405
4239,496
4240,566
4241,855
4242,261
4243,344
4244,681
4245,9
4246,420
4247,398
4248,443
4249,91
4250,787
4251,98
4252,331
4253,365
4254,482
4255,311
4256,2
4257,247
4258,954
4259,465
4260,75
4261,158
4262,671
4263,58
4264,651
4265,331
4266,482
4267,373
4268,550
4269,439
4270,19
4271,418
4272,389
4273,809
4274,639
4275,996
4276,197
4277,953
4278,960
4279,788
4280,351
4281,251
4282,651
4283,662
4284,626
4285,246
4286,918
4287,365
4288,588
4289,919
4290,285
4291,877
4292,341
4293,548
4294,541
4295,121
4296,101
4297,912
4298,559
4299,204
4300,659
4301,573
4302,89
4303,62
4304,991
4305,188
4306,854
4307,95
4308,397
4309,12
4310,867
4311,915
4312,604
4313,830
4314,611
4315,515
4316,546
4317,463
4318,99
4319,5
4320,270
4321,890
4322,114
4323,273
4324,615
4325,20
4326,189
4327,652
4328,46
4329,365
4330,243
4331,178
4332,52
4333,401
4334,694
4335,538
4336,407
4337,612
4338,204
4339,997
4340,933
4341,677
4342,215
4343,388
4344,994
4345,44
4346,862
4347,709
4348,882
4349,893
4350,605
4351,561
4352,781
4353,932
4354,653
4355,583
4356,515
4357,266
4358,409
4359,269
4360,150
4361,447
4362,418
4363,449
4364,847
4365,440
4366,238
4367,764
4368,130
4369,216
4370,181
4371,91
4372,361
4373,674
4374,877
4375,304
4376,387
4377,419
4378,840
4379,587
4380,430
4381,653
4382,85
4383,633
4384,325
4385,414
4386,635
4387,758
4388,139
4389,248
4390,449
4391,780
4392,12
4393,82
4394,640
4395,896
4396,395
4397,165
4398,232
4399,923
4400,324
4401,147
4402,293
4403,193
4404,678
4405,702
4406,367
4407,221
4408,208
4409,218
4410,611
4411,826
4412,630
4413,553
4414,566
4415,114
4416,717
4417,802
4418,739
4419,774
4420,993
4421,726
4422,796
4423,397
4424,422
4425,763
4426,407
4427,430
4428,756
4429,202
4430,29
4431,66
4432,577
4433,650
4434,955
4435,647
4436,312
4437,244
4438,881
4439,26
4440,589
4441,478
4442,769
4443,58
4444,107
4445,467
4446,878
4447,142
4448,647
4449,341
4450,811
4451,296
4452,832
4453,131
4454,913
4455,732
4456,243
4457,953
4458,875
4459,866
4460,567
4461,66
4462,397
4463,700
4464,792
4465,824
4466,667
4467,597
4468,830
4469,222
4470,652
4471,260
4472,648
4473,655
4474,790
4475,445
4476,854
4477,406
4478,457
4479,520
4480,733
4481,309
4482,204
4483,137
4484,359
4485,557
4486,818
4487,790
4488,846
4489,7
4490,777
4491,134
4492,755
4493,939
4494,863
4495,966
4496,181
4497,11
4498,537
4499,925
4500,318
4501,525
4502,830
4503,631
4504,505
4505,125
4506,863
4507,157
4508,499
4509,950
4510,577
4511,485
4512,389
4513,341
4514,619
4515,592
4516,958
4517,543
4518,756
4519,187
4520,636
4521,761
4522,514
4523,948
4524,164
4525,15
4526,485
4527,307
4528,524
4529,510
4530,372
4531,664
4532,367
4533,110
4534,205
4535,325
4536,44
4537,89
4538,927
4539,741
4540,738
4541,620
4542,603
4543,65
4544,940
4545,881
4546,936
4547,570
4548,464
4549,157
4550,511
4551,302
4552,333
4553,163
4554,679
4555,750
4556,49
4557,91
4558,59
4559,351
4560,982
4561,19
4562,186
4563,434
4564,971
4565,976
4566,172
4567,286
4568,824
4569,891
4570,387
4571,166
4572,493
4573,954
4574,626
4575,338
4576,543
4577,196
4578,146
4579,10
4580,514
4581,338
4582,719
4583,180
4584,697
4585,568
4586,372
4587,400
4588,574
4589,865
4590,132
4591,973
4592,989
4593,588
4594,658
4595,699
4596,642
4597,988
4598,753
4599,517
4600,443
4601,864
4602,957
4603,923
4604,8
4605,30
4606,681
4607,522
4608,588
4609,314
4610,229
4611,315
4612,947
4613,935
4614,892
4615,689
4616,286
4617,342
4618,58
4619,738
4620,792
4621,2
4622,711
4623,497
4624,696
4625,120
4626,214
4627,267
4628,269
4629,380
4630,586
4631,103
4632,256
4633,639
4634,745
4635,197
4636,959
4637,814
4638,34
4639,145
4640,256
4641,791
4642,552
4643,619
4644,644
4645,629
4646,155
4647,5
4648,667
4649,192
4650,797
4651,7
4652,953
4653,824
4654,224
4655,78
4656,532
4657,501
4658,471
4659,854
4660,481
4661,434
4662,981
4663,722
4664,714
4665,474
4666,650
4667,938
4668,194
4669,739
4670,600
4671,278
4672,989
4673,299
4674,402
4675,115
4676,807
4677,847
4678,665
4679,446
4680,508
4681,769
4682,710
4683,896
4684,398
4685,202
4686,689
4687,369
4688,812
4689,357
4690,284
4691,341
4692,386
4693,625
4694,744
4695,937
4696,581
4697,290
4698,961
4699,718
4700,955
4701,842
4702,635
4703,779
4704,995
4705,576
4706,643
4707,645
4708,908
4709,449
4710,292
4711,497
4712,390
4713,243
4714,773
4715,794
4716,511
4717,572
4718,316
4719,479
4720,44
4721,896
4722,783
4723,954
4724,865
4725,151
4726,487
4727,819
4728,591
4729,0
4730,192
4731,804
4732,20
4733,429
4734,198
4735,724
4736,608
4737,976
4738,768
4739,835
4740,285
4741,327
4742,961
4743,220
4744,696
4745,685
4746,41
4747,800
4748,423
4749,614
4750,222
4751,818
4752,731
4753,371
4754,178
4755,422
4756,762
4757,86
4758,980
4759,73
4760,217
4761,339
4762,158
4763,508
4764,406
4765,48
4766,143
4767,290
4768,194
4769,781
4770,185
4771,525
4772,89
4773,264
4774,505
4775,5
4776,483
4777,175
4778,644
4779,973
4780,237
4781,714
4782,918
4783,609
4784,303
4785,460
4786,821
4787,643
4788,170
4789,458
4790,700
4791,194
4792,338
4793,782
4794,958
4795,277
4796,925
4797,643
4798,791
4799,556
4800,607
4801,39
4802,579
4803,894
4804,552
4805,346
4806,79
4807,471
4808,758
4809,967
4810,170
4811,342
4812,948
4813,144
4814,143
4815,336
4816,438
4817,126
4818,629
4819,266
4820,490
4821,745
4822,736
4823,856
4824,73
4825,130
4826,532
4827,506
4828,220
4829,735
4830,555
4831,202
4832,182
4833,682
4834,922
4835,410
4836,869
4837,894
4838,637
4839,175
4840,357
4841,216
4842,337
4843,944
4844,79
4845,432
4846,851
4847,162
4848,53
4849,532
4850,89
4851,882
4852,967
4853,7
4854,401
4855,206
4856,898
4857,936
4858,180
4859,474
4860,930
4861,759
4862,622
4863,593
4864,469
4865,667
4866,971
4867,657
4868,406
4869,63
4870,88
4871,542
4872,215
4873,440
4874,523
4875,779
4876,995
4877,571
4878,921
4879,744
4880,674
4881,332
4882,844
4883,523
4884,752
4885,801
4886,576
4887,60
4888,400
4889,441
4890,755
4891,593
4892,440
4893,526
4894,457
4895,71
4896,51
4897,935
4898,205
4899,40
4900,476
4901,124
4902,673
4903,863
4904,809
4905,12
4906,201
4907,127
4908,565
4909,300
4910,327
4911,141
4912,500
4913,303
4914,141
4915,22
4916,878
4917,67
4918,507
4919,857
4920,577
4921,544
4922,546
4923,706
4924,17
4925,493
4926,501
4927,199
4928,16
4929,446
4930,590
4931,753
4932,674
4933,27
4934,596
4935,66
4936,508
4937,557
4938,812
4939,361
4940,819
4941,469
4942,82
4943,368
4944,74
4945,972
4946,756
4947,258
4948,912
4949,417
4950,120
4951,868
4952,820
4953,387
4954,158
4955,634
4956,838
4957,921
4958,944
4959,93
4960,995
4961,74
4962,604
4963,918
4964,499
4965,794
4966,849
4967,543
4968,48
4969,571
4970,94
4971,243
4972,189
4973,284
4974,728
4975,491
4976,861
4977,426
4978,946
4979,362
4980,693
4981,765
4982,744
4983,902
4984,722
4985,838
4986,558
4987,371
4988,688
4989,651
4990,202
4991,708
4992,305
4993,240
4994,94
4995,643
4996,474
4997,243
4998,691
4999,107
5000,905
5001,599
5002,997
5003,534
5004,445
5005,112
5006,496
5007,394
5008,525
5009,991
5010,749
5011,45
5012,857
5013,658
5014,257
5015,655
5016,496
5017,426
5018,350
5019,282
5020,23
5021,381
5022,619
5023,631
5024,386
5025,703
5026,66
5027,499
5028,742
5029,697
5030,213
5031,367
5032,76
5033,427
5034,320
5035,831
5036,576
5037,847
5038,203
5039,511
5040,76
5041,3
5042,345
5043,276
5044,547
5045,769
5046,498
5047,800
5048,807
5049,536
5050,377
5051,237
5052,593
5053,906
5054,871
5055,493
5056,108
5057,381
5058,122
5059,491
5060,575
5061,179
5062,65
5063,625
5064,70
5065,590
5066,698
5067,892
5068,95
5069,569
5070,939
5071,150
5072,852
5073,127
5074,477
5075,307
5076,983
5077,286
5078,678
5079,842
5080,431
5081,141
5082,796
5083,932
5084,230
5085,142
5086,125
5087,163
5088,787
5089,744
5090,486
5091,354
5092,951
5093,50
5094,993
5095,542
5096,528
5097,286
5098,815
5099,68
5100,295
5101,948
5102,865
5103,470
5104,560
5105,285
5106,418
5107,451
5108,793
5109,997
5110,823
5111,510
5112,515
5113,64
5114,7
5115,92
5116,570
5117,682
5118,669
5119,953
5120,106
5121,680
5122,413
5123,448
5124,226
5125,790
5126,67
5127,46
5128,316
5129,947
5130,459
5131,138
5132,798
5133,704
5134,84
5135,131
5136,525
5137,431
5138,664
5139,437
5140,129
5141,970
5142,959
5143,634
5144,117
5145,719
5146,506
5147,392
5148,130
5149,971
5150,986
5151,638
5152,689
5153,722
5154,238
5155,152
5156,581
5157,671
5158,664
5159,414
5160,960
5161,678
5162,142
5163,487
5164,712
5165,871
5166,600
5167,552
5168,321
5169,774
5170,690
5171,858
5172,433
5173,177
5174,898
5175,563
5176,694
5177,638
5178,87
5179,242
5180,335
5181,867
5182,413
5183,575
5184,171
5185,738
5186,552
5187,217
5188,854
5189,668
5190,772
5191,303
5192,805
5193,671
5194,36
5195,403
5196,560
5197,165
5198,752
5199,448
5200,68
5201,507
5202,495
5203,464
5204,429
5205,408
5206,731
5207,164
5208,223
5209,181
5210,680
5211,131
5212,53
5213,836
5214,213
5215,457
5216,104
5217,289
5218,834
5219,989
5220,647
5221,918
5222,828
5223,42
5224,96
5225,205
5226,698
5227,364
5228,622
5229,569
5230,949
5231,391
5232,604
5233,562
5234,380
5235,517
5236,923
5237,998
5238,42
5239,446
5240,756
5241,694
5242,978
5243,900
5244,159
5245,730
5246,405
5247,243
5248,657
5249,857
5250,793
5251,722
5252,382
5253,860
5254,445
5255,429
5256,707
5257,138
5258,88
5259,738
5260,959
5261,121
5262,272
5263,804
5264,78
5265,158
5266,680
5267,739
5268,351
5269,802
5270,84
5271,197
5272,830
5273,955
5274,769
5275,551
5276,730
5277,229
5278,482
5279,953
5280,498
5281,164
5282,819
5283,373
5284,124
5285,159
5286,496
5287,807
5288,977
5289,983
5290,381
5291,806
5292,39
5293,493
5294,800
5295,427
5296,590
5297,994
5298,9
5299,484
5300,399
5301,888
5302,76
5303,415
5304,700
5305,609
5306,646
5307,924
5308,699
5309,640
5310,640
5311,185
5312,187
5313,671
5314,995
5315,587
5316,657
5317,46
5318,423
5319,997
5320,975
5321,472
5322,41
5323,941
5324,450
5325,47
5326,391
5327,188
5328,1
5329,362
5330,591
5331,4
5332,165
5333,594
5334,756
5335,631
5336,39
5337,139
5338,927
5339,516
5340,739
5341,657
5342,916
5343,824
5344,310
5345,120
5346,400
5347,814
5348,76
5349,436
5350,862
5351,845
5352,16
5353,738
5354,379
5355,423
5356,431
5357,650
5358,305
5359,428
5360,490
5361,717
5362,472
5363,188
5364,810
5365,7
5366,225
5367,886
5368,904
5369,306
5370,817
5371,927
5372,740
5373,867
5374,393
5375,621
5376,575
5377,330
5378,206
5379,647
5380,10
5381,876
5382,838
5383,466
5384,459
5385,922
5386,180
5387,645
5388,307
5389,201
5390,375
5391,639
5392,911
5393,179
5394,311
5395,26
5396,939
5397,416
5398,281
5399,396
5400,13
5401,946
5402,952
5403,613
5404,669
5405,470
5406,783
5407,96
5408,339
5409,792
5410,253
5411,327
5412,783
5413,448
5414,715
5415,227
5416,895
5417,525
5418,502
5419,478
5420,925
5421,76
5422,183
5423,904
5424,569
5425,214
5426,654
5427,436
5428,293
5429,335
5430,373
5431,212
5432,20
5433,139
5434,923
5435,278
5436,894
5437,121
5438,602
5439,7
5440,621
5441,459
5442,752
5443,934
5444,662
5445,459
5446,441
5447,124
5448,503
5449,400
5450,553
5451,702
5452,165
5453,146
5454,527
5455,526
5456,516
5457,396
5458,338
5459,27
5460,663
5461,92
5462,767
5463,943
5464,510
5465,270
5466,84
5467,270
5468,67
5469,143
5470,519
5471,472
5472,112
5473,694
5474,267
5475,146
5476,680
5477,235
5478,552
5479,685
5480,70
5481,630
5482,652
5483,176
5484,485
5485,62
5486,859
5487,494
5488,633
5489,347
5490,947
5491,580
5492,164
5493,452
5494,587
5495,651
5496,5
5497,721
5498,0
5499,95
5500,427
5501,942
5502,651
5503,563
5504,118
5505,511
5506,809
5507,802
5508,106
5509,755
5510,850
5511,255
5512,209
5513,531
5514,852
5515,774
5516,702
5517,93
5518,864
5519,241
5520,312
5521,410
5522,279
5523,917
5524,678
5525,34
5526,0
5527,159
5528,679
5529,799
5530,772
5531,991
5532,513
5533,590
5534,234
5535,689
5536,954
5537,601
5538,503
5539,92
5540,382
5541,910
5542,515
5543,379
5544,491
5545,558
5546,870
5547,129
5548,28
5549,7
5550,517
5551,56
5552,935
5553,47
5554,794
5555,384
5556,643
5557,671
5558,407
5559,328
5560,741
5561,794
5562,166
5563,155
5564,549
5565,684
5566,515
5567,74
5568,637
5569,450
5570,22
5571,483
5572,823
5573,811
5574,457
5575,611
5576,305
5577,551
5578,545
5579,455
5580,139
5581,569
5582,452
5583,339
5584,978
5585,135
5586,851
5587,765
5588,213
5589,610
5590,183
5591,779
5592,676
5593,334
5594,928
5595,216
5596,702
5597,214
5598,502
5599,794
5600,600
5601,598
5602,609
5603,671
5604,198
5605,123
5606,667
5607,188
5608,597
5609,546
5610,169
5611,46
5612,340
5613,582
5614,643
5615,1
5616,707
5617,781
5618,517
5619,346
5620,80
5621,718
5622,681
5623,437
5624,27
5625,847
5626,24
5627,54
5628,792
5629,966
5630,159
5631,658
5632,658
5633,553
5634,597
5635,371
5636,161
5637,834
5638,73
5639,128
5640,363
5641,500
5642,92
5643,370
5644,371
5645,939
5646,526
5647,554
5648,250
5649,563
5650,77
5651,723
5652,143
5653,235
5654,450
5655,509
5656,862
5657,219
5658,315
5659,144
5660,197
5661,269
5662,353
5663,982
5664,948
5665,175
5666,938
5667,595
5668,225
5669,778
5670,996
5671,628
5672,110
5673,962
5674,664
5675,951
5676,62
5677,961
5678,32
5679,348
5680,669
5681,396
5682,943
5683,157
5684,151
5685,536
5686,587
5687,407
5688,644
5689,415
5690,768
5691,974
5692,149
5693,219
5694,385
5695,483
5696,356
5697,558
5698,138
5699,372
5700,677
5701,472
5702,589
5703,759
5704,142
5705,350
5706,878
5707,91
5708,426
5709,271
5710,278
5711,58
5712,357
5713,476
5714,280
5715,832
5716,738
5717,362
5718,630
5719,502
5720,210
5721,119
5722,412
5723,37
5724,98
5725,200
5726,249
5727,940
5728,444
5729,894
5730,389
5731,992
5732,252
5733,485
5734,256
5735,108
5736,83
5737,591
5738,806
5739,839
5740,105
5741,423
5742,414
5743,961
5744,506
5745,817
5746,948
5747,438
5748,478
5749,288
5750,584
5751,719
5752,206
5753,263
5754,763
5755,22
5756,797
5757,479
5758,733
5759,3
5760,79
5761,343
5762,566
5763,523
5764,712
5765,78
5766,529
5767,284
5768,488
5769,999
5770,806
5771,830
5772,921
5773,303
5774,479
5775,20
5776,841
5777,281
5778,893
5779,838
5780,589
5781,962
5782,19
5783,935
5784,555
5785,992
5786,357
5787,718
5788,109
5789,442
5790,464
5791,944
5792,301
5793,254
5794,716
5795,634
5796,288
5797,81
5798,460
5799,428
5800,705
5801,524
5802,868
5803,234
5804,601
5805,904
5806,785
5807,3
5808,779
5809,310
5810,816
5811,879
5812,297
5813,300
5814,548
5815,743
5816,196
5817,11
5818,271
5819,462
5820,711
5821,367
5822,334
5823,908
5824,101
5825,339
5826,517
5827,469
5828,854
5829,831
5830,363
5831,222
5832,401
5833,348
5834,420
5835,904
5836,891
5837,722
5838,899
5839,657
5840,884
5841,706
5842,204
5843,531
5844,813
5845,49
5846,424
5847,578
5848,303
5849,511
5850,431
5851,78
5852,880
5853,859
5854,468
5855,738
5856,817
5857,376
5858,29
5859,588
5860,626
5861,45
5862,505
5863,868
5864,655
5865,805
5866,112
5867,478
5868,54
5869,969
5870,38
5871,797
5872,291
5873,828
5874,615
5875,464
5876,179
5877,972
5878,430
5879,97
5880,77
5881,816
5882,231
5883,529
5884,595
5885,826
5886,456
5887,522
5888,708
5889,998
5890,556
5891,394
5892,430
5893,193
5894,374
5895,335
5896,462
5897,588
5898,535
5899,441
5900,380
5901,721
5902,453
5903,473
5904,431
5905,135
5906,200
5907,761
5908,19
5909,563
5910,3
5911,739
5912,263
5913,61
5914,620
5915,968
5916,125
5917,37
5918,292
5919,43
5920,410
5921,660
5922,567
5923,162
5924,290
5925,601
5926,636
5927,453
5928,317
5929,385
5930,634
5931,370
5932,290
5933,336
5934,699
5935,894
5936,538
5937,185
5938,208
5939,905
5940,711
5941,694
5942,37
5943,947
5944,972
5945,945
5946,448
5947,691
5948,847
5949,604
5950,947
5951,375
5952,526
5953,69
5954,217
5955,206
5956,796
5957,831
5958,805
5959,645
5960,862
5961,224
5962,956
5963,695
5964,308
5965,831
5966,195
5967,976
5968,336
5969,946
5970,905
5971,862
5972,135
5973,60
5974,874
5975,281
5976,111
5977,705
5978,15
5979,82
5980,842
5981,590
5982,89
5983,44
5984,574
5985,633
5986,693
5987,157
5988,101
5989,95
5990,661
5991,885
5992,341
5993,470
5994,241
5995,10
5996,932
5997,104
5998,695
5999,733
6000,714
6001,775
6002,442
6003,869
6004,77
6005,809
6006,835
6007,158
6008,929
6009,433
6010,938
6011,580
6012,227
6013,155
6014,644
6015,870
6016,21
6017,961
6018,433
6019,163
6020,928
6021,109
6022,230
6023,992
6024,755
6025,976
6026,757
6027,250
6028,913
6029,68
6030,399
6031,379
6032,64
6033,481
6034,258
6035,944
6036,741
6037,665
6038,958
6039,517
6040,6
6041,720
6042,374
6043,117
6044,0
6045,44
6046,986
6047,503
6048,20
6049,749
6050,590
6051,147
6052,26
6053,440
6054,66
6055,994
6056,953
6057,24
6058,554
6059,626
6060,227
6061,646
6062,653
6063,423
6064,699
6065,168
6066,820
6067,397
6068,943
6069,738
6070,454
6071,293
6072,259
6073,244
6074,292
6075,454
6076,226
6077,83
6078,836
6079,860
6080,90
6081,184
6082,703
6083,379
6084,974
6085,394
6086,347
6087,907
6088,698
6089,891
6090,638
6091,0
6092,276
6093,517
6094,441
6095,26
6096,19
6097,508
6098,9
6099,163
6100,768
6101,693
6102,160
6103,159
6104,941
6105,171
6106,119
6107,878
6108,598
6109,211
6110,356
6111,801
6112,817
6113,473
6114,695
6115,371
6116,30
6117,376
6118,173
6119,748
6120,916
6121,800
6122,350
6123,425
6124,40
6125,422
6126,481
6127,756
6128,147
6129,343
6130,11
6131,354
6132,275
6133,670
6134,602
6135,434
6136,348
6137,953
6138,630
6139,525
6140,482
6141,988
6142,690
6143,973
6144,910
6145,365
6146,684
6147,185
6148,218
6149,247
6150,52
6151,371
6152,516
6153,935
6154,446
6155,195
6156,364
6157,866
6158,591
6159,678
6160,26
6161,695
6162,774
6163,903
6164,545
6165,662
6166,337
6167,594
6168,651
6169,120
6170,178
6171,948
6172,861
6173,101
6174,7
6175,892
6176,627
6177,8
6178,206
6179,634
6180,488
6181,641
6182,108
6183,341
6184,924
6185,77
6186,375
6187,130
6188,297
6189,37
6190,927
6191,907
6192,82
6193,654
6194,665
6195,4
6196,841
6197,93
6198,673
6199,683
6200,264
6201,941
6202,42
6203,623
6204,455
6205,665
6206,851
6207,390
6208,342
6209,801
6210,987
6211,229
6212,482
6213,748
6214,313
6215,800
6216,301
6217,987
6218,922
6219,101
6220,118
6221,617
6222,611
6223,839
6224,582
6225,623
6226,499
6227,696
6228,431
6229,719
6230,573
6231,752
6232,895
6233,805
6234,607
6235,816
6236,440
6237,645
6238,64
6239,806
6240,316
6241,840
6242,525
6243,377
6244,778
6245,257
6246,165
6247,719
6248,181
6249,802
6250,63
6251,387
6252,725
6253,374
6254,365
6255,261
6256,828
6257,324
6258,96
6259,139
6260,951
6261,954
6262,20
6263,733
6264,392
6265,9
6266,186
6267,829
6268,591
6269,841
6270,939
6271,885
6272,642
6273,953
6274,925
6275,709
6276,235
6277,125
6278,615
6279,143
6280,389
6281,270
6282,777
6283,757
6284,729
6285,651
6286,667
6287,751
6288,715
6289,886
6290,419
6291,9
6292,877
6293,530
6294,100
6295,918
6296,239
6297,859
6298,921
6299,550
6300,336
6301,813
6302,774
6303,85
6304,791
6305,443
6306,348
6307,969
6308,353
6309,79
6310,345
6311,400
6312,550
6313,342
6314,124
6315,978
6316,990
6317,742
6318,717
6319,710
6320,519
6321,656
6322,266
6323,401
6324,23
6325,933
6326,916
6327,585
6328,423
6329,473
6330,172
6331,263
6332,721
6333,731
6334,769
6335,889
6336,931
6337,928
6338,423
6339,798
6340,895
6341,768
6342,219
6343,460
6344,497
6345,232
6346,503
6347,948
6348,843
6349,32
6350,881
6351,402
6352,173
6353,215
6354,764
6355,150
6356,700
6357,656
6358,227
6359,396
6360,420
6361,516
6362,941
6363,316
6364,980
6365,89
6366,655
6367,25
6368,199
6369,272
6370,742
6371,719
6372,194
6373,896
6374,498
6375,238
6376,550
6377,265
6378,192
6379,675
6380,995
6381,23
6382,565
6383,125
6384,529
6385,603
6386,157
6387,459
6388,504
6389,263
6390,344
6391,744
6392,268
6393,563
6394,886
6395,158
6396,204
6397,239
6398,206
6399,75
6400,282
6401,325
6402,613
6403,584
6404,384
6405,467
6406,682
6407,149
6408,263
6409,56
6410,282
6411,154
6412,215
6413,107
6414,180
6415,173
6416,186
6417,84
6418,343
6419,961
6420,702
6421,632
6422,603
6423,725
6424,365
6425,759
6426,80
6427,291
6428,185
6429,317
6430,977
6431,121
6432,10
6433,337
6434,971
6435,27
6436,356
6437,729
6438,704
6439,871
6440,790
6441,631
6442,492
6443,827
6444,36
6445,405
6446,705
6447,207
6448,581
6449,92
6450,92
6451,493
6452,891
6453,408
6454,498
6455,153
6456,804
6457,995
6458,228
6459,903
6460,363
6461,688
6462,378
6463,357
6464,73
6465,515
6466,756
6467,711
6468,371
6469,154
6470,112
6471,852
6472,17
6473,911
6474,16
6475,867
6476,304
6477,145
6478,913
6479,261
6480,474
6481,317
6482,311
6483,337
6484,191
6485,992
6486,660
6487,941
6488,138
6489,905
6490,465
6491,73
6492,132
6493,547
6494,50
6495,977
6496,716
6497,101
6498,999
6499,439
6500,31
6501,157
6502,330
6503,388
6504,763
6505,943
6506,560
6507,521
6508,886
6509,860
6510,562
6511,629
6512,360
6513,348
6514,22
6515,180
6516,364
6517,244
6518,240
6519,4
6520,807
6521,703
6522,139
6523,504
6524,521
6525,953
6526,50
6527,333
6528,348
6529,373
6530,100
6531,295
6532,927
6533,618
6534,506
6535,836
6536,16
6537,248
6538,777
6539,315
6540,127
6541,88
6542,499
6543,137
6544,542
6545,284
6546,385
6547,349
6548,165
6549,607
6550,588
6551,806
6552,428
6553,25
6554,283
6555,799
6556,121
6557,696
6558,803
6559,680
6560,508
6561,84
6562,704
6563,892
6564,161
6565,876
6566,142
6567,667
6568,163
6569,879
6570,46
6571,450
6572,777
6573,751
6574,856
6575,974
6576,840
6577,942
6578,400
6579,113
6580,919
6581,410
6582,891
6583,465
6584,419
6585,477
6586,952
6587,2
6588,439
6589,42
6590,831
6591,967
6592,723
6593,616
6594,199
6595,529
6596,931
6597,115
6598,466
6599,310
6600,541
6601,652
6602,665
6603,311
6604,659
6605,27
6606,130
6607,331
6608,13
6609,360
6610,802
6611,881
6612,922
6613,745
6614,204
6615,276
6616,96
6617,755
6618,642
6619,329
6620,725
6621,470
6622,787
6623,17
6624,750
6625,415
6626,322
6627,505
6628,846
6629,105
6630,5
6631,902
6632,321
6633,6
6634,347
6635,672
6636,283
6637,403
6638,655
6639,94
6640,262
6641,858
6642,872
6643,165
6644,433
6645,543
6646,122
6647,400
6648,682
6649,539
6650,420
6651,97
6652,267
6653,576
6654,232
6655,115
6656,259
6657,348
6658,183
6659,812
6660,959
6661,879
6662,843
6663,327
6664,204
6665,337
6666,205
6667,251
6668,214
6669,129
6670,169
6671,79
6672,920
6673,442
6674,681
6675,899
6676,199
6677,953
6678,580
6679,235
6680,148
6681,926
6682,375
6683,892
6684,419
6685,903
6686,213
6687,822
6688,304
6689,3
6690,79
6691,487
6692,138
6693,83
6694,827
6695,509
6696,730
6697,327
6698,316
6699,309
6700,823
6701,60
6702,878
6703,986
6704,270
6705,194
6706,245
6707,600
6708,835
6709,30
6710,720
6711,840
6712,164
6713,653
6714,785
6715,756
6716,51
6717,393
6718,357
6719,280
6720,9
6721,441
6722,412
6723,93
6724,626
6725,776
6726,177
6727,713
6728,852
6729,970
6730,958
6731,322
6732,767
6733,611
6734,785
6735,146
6736,417
6737,687
6738,266
6739,272
6740,999
6741,29
6742,179
6743,896
6744,657
6745,748
6746,983
6747,626
6748,399
6749,769
6750,911
6751,84
6752,878
6753,37
6754,14
6755,478
6756,121
6757,734
6758,682
6759,837
6760,959
6761,93
6762,726
6763,172
6764,989
6765,117
6766,717
6767,417
6768,831
6769,366
6770,730
6771,828
6772,424
6773,809
6774,162
6775,955
6776,731
6777,75
6778,532
6779,107
6780,574
6781,460
6782,560
6783,29
6784,503
6785,279
6786,72
6787,698
6788,292
6789,922
6790,738
6791,354
6792,566
6793,965
6794,131
6795,945
6796,967
6797,246
6798,352
6799,30
6800,924
6801,698
6802,100
6803,646
6804,613
6805,444
6806,538
6807,254
6808,238
6809,194
6810,577
6811,51
6812,401
6813,67
6814,648
6815,747
6816,889
6817,224
6818,757
6819,789
6820,715
6821,753
6822,108
6823,722
6824,641
6825,173
6826,229
6827,894
6828,705
6829,986
6830,224
6831,958
6832,188
6833,418
6834,581
6835,139
6836,696
6837,34
6838,191
6839,412
6840,450
6841,257
6842,753
6843,653
6844,405
6845,814
6846,72
6847,47
6848,992
6849,732
6850,897
6851,376
6852,475
6853,541
6854,971
6855,309
6856,654
6857,347
6858,570
6859,127
6860,275
6861,613
6862,556
6863,834
6864,410
6865,643
6866,186
6867,850
6868,294
6869,358
6870,363
6871,680
6872,472
6873,484
6874,588
6875,364
6876,135
6877,961
6878,766
6879,404
6880,390
6881,463
6882,502
6883,675
6884,465
6885,566
6886,107
6887,662
6888,174
6889,359
6890,164
6891,189
6892,640
6893,808
6894,572
6895,673
6896,479
6897,228
6898,333
6899,234
6900,677
6901,284
6902,529
6903,701
6904,855
6905,665
6906,692
6907,98
6908,739
6909,776
6910,358
6911,138
6912,75
6913,794
6914,284
6915,639
6916,424
6917,425
6918,601
6919,101
6920,993
6921,832
6922,799
6923,953
6924,763
6925,151
6926,78
6927,144
6928,306
6929,854
6930,860
6931,532
6932,529
6933,424
6934,838
6935,99
6936,301
6937,226
6938,539
6939,603
6940,245
6941,155
6942,973
6943,528
6944,605
6945,295
6946,888
6947,364
6948,760
6949,415
6950,430
6951,288
6952,820
6953,693
6954,733
6955,433
6956,920
6957,409
6958,573
6959,368
6960,489
6961,277
6962,25
6963,224
6964,408
6965,492
6966,963
6967,662
6968,825
6969,697
6970,319
6971,488
6972,227
6973,809
6974,568
6975,669
6976,340
6977,816
6978,441
6979,429
6980,854
6981,108
6982,334
6983,840
6984,308
6985,147
6986,0
6987,543
6988,947
6989,410
6990,797
6991,292
6992,341
6993,231
6994,545
6995,456
6996,931
6997,211
6998,309
6999,964
7000,315
7001,115
7002,178
7003,683
7004,397
7005,479
7006,733
7007,947
7008,340
7009,104
7010,252
7011,924
7012,687
7013,965
7014,703
7015,499
7016,374
7017,948
7018,596
7019,47
7020,870
7021,441
7022,134
7023,509
7024,264
7025,615
7026,508
7027,860
7028,201
7029,891
7030,531
7031,282
7032,484
7033,680
7034,243
7035,236
7036,138
7037,93
7038,610
7039,667
7040,228
7041,685
7042,534
7043,700
7044,368
7045,657
7046,25
7047,745
7048,991
7049,974
7050,554
7051,127
7052,39
7053,804
7054,490
7055,882
7056,206
7057,337
7058,387
7059,870
7060,729
7061,93
7062,124
7063,211
7064,789
7065,829
7066,324
7067,216
7068,328
7069,627
7070,54
7071,937
7072,929
7073,937
7074,459
7075,400
7076,1
7077,315
7078,730
7079,894
7080,748
7081,304
7082,583
7083,5
7084,801
7085,117
7086,940
7087,590
7088,274
7089,226
7090,628
7091,341
7092,184
7093,747
7094,375
7095,759
7096,688
7097,15
7098,73
7099,938
7100,27
7101,995
7102,609
7103,645
7104,610
7105,211
7106,228
7107,144
7108,729
7109,578
7110,659
7111,705
7112,889
7113,836
7114,728
7115,93
7116,712
7117,751
7118,775
7119,251
7120,190
7121,521
7122,992
7123,715
7124,979
7125,928
7126,367
7127,613
7128,37
7129,904
7130,547
7131,437
7132,154
7133,936
7134,55
7135,177
7136,131
7137,937
7138,492
7139,770
7140,501
7141,699
7142,138
7143,341
7144,324
7145,90
7146,396
7147,125
7148,182
7149,955
7150,805
7151,713
7152,773
7153,893
7154,574
7155,907
7156,559
7157,111
7158,123
7159,59
7160,832
7161,250
7162,323
7163,366
7164,44
7165,995
7166,991
7167,968
7168,895
7169,890
7170,569
7171,788
7172,700
7173,114
7174,753
7175,375
7176,547
7177,98
7178,752
7179,0
7180,932
7181,24
7182,599
7183,223
7184,484
7185,929
7186,593
7187,22
7188,803
7189,676
7190,30
7191,795
7192,120
7193,187
7194,711
7195,17
7196,513
7197,70
7198,819
7199,348
7200,286
7201,518
7202,362
7203,569
7204,535
7205,658
7206,984
7207,459
7208,266
7209,477
7210,905
7211,417
7212,43
7213,435
7214,364
7215,41
7216,210
7217,352
7218,284
7219,417
7220,542
7221,525
7222,535
7223,176
7224,639
7225,273
7226,563
7227,513
7228,903
7229,681
7230,353
7231,52
7232,748
7233,787
7234,275
7235,729
7236,354
7237,934
7238,68
7239,365
7240,171
7241,680
7242,232
7243,505
7244,376
7245,532
7246,816
7247,254
7248,980
7249,632
7250,196
7251,5
7252,193
7253,65
7254,930
7255,982
7256,251
7257,228
7258,696
7259,100
7260,986
7261,218
7262,344
7263,689
7264,813
7265,464
7266,886
7267,730
7268,862
7269,178
7270,73
7271,31
7272,811
7273,307
7274,939
7275,694
7276,66
7277,599
7278,348
7279,372
7280,640
7281,343
7282,434
7283,150
7284,60
7285,639
7286,256
7287,549
7288,955
7289,532
7290,807
7291,130
7292,329
7293,83
7294,432
7295,161
7296,860
7297,139
7298,590
7299,261
7300,124
7301,679
7302,141
7303,76
7304,343
7305,800
7306,144
7307,123
7308,170
7309,330
7310,898
7311,531
7312,714
7313,478
7314,545
7315,573
7316,864
7317,219
7318,54
7319,105
7320,470
7321,154
7322,322
7323,737
7324,383
7325,437
7326,632
7327,487
7328,271
7329,400
7330,656
7331,493
7332,64
7333,894
7334,127
7335,377
7336,670
7337,810
7338,587
7339,857
7340,820
7341,80
7342,755
7343,698
7344,581
7345,212
7346,626
7347,487
7348,937
7349,971
7350,898
7351,592
7352,784
7353,990
7354,493
7355,181
7356,88
7357,932
7358,856
7359,419
7360,33
7361,468
7362,622
7363,809
7364,94
7365,49
7366,959
7367,409
7368,873
7369,635
7370,381
7371,679
7372,707
7373,403
7374,929
7375,443
7376,528
7377,192
7378,487
7379,39
7380,156
7381,89
7382,272
7383,921
7384,264
7385,758
7386,598
7387,340
7388,168
7389,309
7390,313
7391,387
7392,146
7393,547
7394,251
7395,222
7396,950
7397,718
7398,894
7399,258
7400,441
7401,959
7402,412
7403,728
7404,659
7405,822
7406,802
7407,849
7408,155
7409,137
7410,236
7411,378
7412,930
7413,103
7414,323
7415,446
7416,558
7417,642
7418,155
7419,598
7420,299
7421,328
7422,969
7423,941
7424,635
7425,476
7426,752
7427,969
7428,882
7429,807
7430,572
7431,728
7432,751
7433,680
7434,800
7435,569
7436,424
7437,521
7438,382
7439,385
7440,319
7441,267
7442,895
7443,567
7444,606
7445,181
7446,456
7447,448
7448,524
7449,832
7450,231
7451,731
7452,408
7453,265
7454,810
7455,572
7456,685
7457,74
7458,148
7459,629
7460,772
7461,63
7462,638
7463,264
7464,201
7465,359
7466,395
7467,225
7468,558
7469,400
7470,367
7471,485
7472,409
7473,891
7474,450
7475,134
7476,72
7477,380
7478,324
7479,71
7480,700
7481,642
7482,845
7483,7
7484,325
7485,814
7486,738
7487,427
7488,871
7489,195
7490,190
7491,639
7492,105
7493,478
7494,182
7495,872
7496,28
7497,185
7498,735
7499,681
7500,400
7501,23
7502,896
7503,265
7504,861
7505,701
7506,922
7507,205
7508,72
7509,484
7510,185
7511,382
7512,867
7513,943
7514,473
7515,372
7516,85
7517,610
7518,496
7519,396
7520,832
7521,147
7522,153
7523,320
7524,630
7525,725
7526,831
7527,173
7528,339
7529,915
7530,384
7531,138
7532,920
7533,440
7534,75
7535,504
7536,707
7537,249
7538,546
7539,127
7540,295
7541,647
7542,701
7543,603
7544,910
7545,753
7546,260
7547,674
7548,50
7549,807
7550,551
7551,477
7552,104
7553,871
7554,425
7555,294
7556,79
7557,260
7558,459
7559,774
7560,616
7561,762
7562,763
7563,857
7564,498
7565,611
7566,574
7567,897
7568,951
7569,703
7570,46
7571,167
7572,750
7573,596
7574,623
7575,667
7576,701
7577,30
7578,133
7579,181
7580,130
7581,647
7582,961
7583,859
7584,651
7585,313
7586,172
7587,38
7588,999
7589,362
7590,591
7591,988
7592,229
7593,880
7594,250
7595,706
7596,874
7597,813
7598,366
7599,914
7600,317
7601,965
7602,241
7603,711
7604,272
7605,562
7606,13
7607,759
7608,60
7609,548
7610,622
7611,79
7612,717
7613,603
7614,63
7615,336
7616,846
7617,387
7618,397
7619,481
7620,548
7621,182
7622,756
7623,23
7624,899
7625,970
7626,287
7627,917
7628,994
7629,768
7630,108
7631,8
7632,586
7633,64
7634,164
7635,29
7636,671
7637,446
7638,760
7639,948
7640,286
7641,275
7642,863
7643,116
7644,281
7645,978
7646,514
7647,278
7648,577
7649,573
7650,519
7651,588
7652,732
7653,47
7654,993
7655,715
7656,359
7657,947
7658,97
7659,935
7660,377
7661,781
7662,100
7663,838
7664,518
7665,270
7666,808
7667,979
7668,931
7669,721
7670,556
7671,405
7672,423
7673,113
7674,914
7675,70
7676,188
7677,895
7678,720
7679,386
7680,442
7681,486
7682,1
7683,174
7684,547
7685,331
7686,641
7687,549
7688,990
7689,723
7690,888
7691,683
7692,487
7693,339
7694,803
7695,941
7696,206
7697,386
7698,22
7699,879
7700,976
7701,622
7702,910
7703,703
7704,1
7705,537
7706,748
7707,464
7708,477
7709,637
7710,155
7711,820
7712,590
7713,626
7714,906
7715,319
7716,852
7717,508
7718,588
7719,178
7720,561
7721,357
7722,269
7723,406
7724,606
7725,543
7726,320
7727,90
7728,222
7729,637
7730,591
7731,869
7732,686
7733,651
7734,968
7735,926
7736,777
7737,471
7738,894
7739,998
7740,705
7741,46
7742,516
7743,68
7744,24
7745,650
7746,835
7747,779
7748,523
7749,992
7750,166
7751,509
7752,267
7753,845
7754,789
7755,795
7756,201
7757,443
7758,389
7759,788
7760,247
7761,589
7762,739
7763,770
7764,416
7765,153
7766,889
7767,993
7768,183
7769,362
7770,3
7771,759
7772,772
7773,239
7774,671
7775,831
7776,100
7777,145
7778,987
7779,214
7780,602
7781,895
7782,277
7783,896
7784,228
7785,944
7786,449
7787,833
7788,741
7789,612
7790,631
7791,353
7792,388
7793,38
7794,919
7795,863
7796,261
7797,170
7798,860
7799,344
7800,15
7801,738
7802,940
7803,877
7804,843
7805,320
7806,642
7807,772
7808,341
7809,580
7810,266
7811,438
7812,456
7813,700
7814,892
7815,194
7816,950
7817,652
7818,496
7819,187
7820,629
7821,79
7822,910
7823,898
7824,703
7825,163
7826,168
7827,991
7828,801
7829,348
7830,848
7831,660
7832,33
7833,267
7834,380
7835,934
7836,269
7837,571
7838,359
7839,803
7840,895
7841,620
7842,861
7843,345
7844,406
7845,434
7846,555
7847,515
7848,481
7849,333
7850,355
7851,6
7852,425
7853,830
7854,151
7855,405
7856,797
7857,152
7858,663
7859,816
7860,192
7861,140
7862,142
7863,923
7864,693
7865,623
7866,726
7867,704
7868,516
7869,754
7870,1
7871,643
7872,218
7873,584
7874,867
7875,940
7876,251
7877,186
7878,614
7879,992
7880,965
7881,719
7882,505
7883,924
7884,757
7885,406
7886,690
7887,300
7888,308
7889,776
7890,421
7891,757
7892,783
7893,999
7894,901
7895,692
7896,600
7897,100
7898,889
7899,27
7900,458
7901,424
7902,244
7903,757
7904,616
7905,961
7906,941
7907,259
7908,991
7909,602
7910,997
7911,202
7912,615
7913,197
7914,269
7915,736
7916,373
7917,896
7918,894
7919,914
7920,703
7921,733
7922,598
7923,285
7924,349
7925,812
7926,491
7927,80
7928,312
7929,480
7930,188
7931,825
7932,175
7933,987
7934,907
7935,337
7936,377
7937,664
7938,602
7939,176
7940,872
7941,523
7942,943
7943,796
7944,523
7945,458
7946,96
7947,485
7948,239
7949,439
7950,90
7951,265
7952,451
7953,913
7954,37
7955,809
7956,523
7957,777
7958,191
7959,217
7960,985
7961,406
7962,791
7963,100
7964,307
7965,582
7966,769
7967,85
7968,962
7969,69
7970,611
7971,77
7972,833
7973,10
7974,249
7975,83
7976,87
7977,258
7978,200
7979,380
7980,602
7981,986
7982,236
7983,372
7984,751
7985,140
7986,667
7987,272
7988,20
7989,458
7990,223
7991,939
7992,220
7993,487
7994,130
7995,516
7996,414
7997,741
7998,94
7999,851
8000,73
8001,46
8002,789
8003,176
8004,293
8005,175
8006,223
8007,990
8008,621
8009,565
8010,771
8011,441
8012,549
8013,167
8014,381
8015,725
8016,3
8017,392
8018,903
8019,247
8020,312
8021,880
8022,351
8023,744
8024,226
8025,816
8026,52
8027,506
8028,123
8029,509
8030,83
8031,327
8032,840
8033,53
8034,948
8035,63
8036,485
8037,421
8038,331
8039,448
8040,52
8041,783
8042,528
8043,481
8044,107
8045,939
8046,330
8047,535
8048,843
8049,462
8050,522
8051,633
8052,629
8053,435
8054,611
8055,273
8056,823
8057,980
8058,365
8059,133
8060,209
8061,409
8062,425
8063,243
8064,678
8065,317
8066,877
8067,522
8068,371
8069,66
8070,526
8071,315
8072,497
8073,163
8074,505
8075,262
8076,101
8077,188
8078,821
8079,7
8080,782
8081,597
8082,820
8083,843
8084,905
8085,400
8086,40
8087,828
8088,930
8089,280
8090,289
8091,336
8092,383
8093,813
8094,190
8095,30
8096,604
8097,102
8098,243
8099,583
8100,580
8101,632
8102,887
8103,88
8104,215
8105,427
8106,457
8107,212
8108,26
8109,474
8110,41
8111,567
8112,95
8113,780
8114,556
8115,981
8116,288
8117,835
8118,968
8119,641
8120,909
8121,383
8122,627
8123,715
8124,278
8125,886
8126,574
8127,200
8128,489
8129,399
8130,101
8131,835
8132,145
8133,572
8134,716
8135,491
8136,717
8137,117
8138,450
8139,45
8140,56
8141,30
8142,578
8143,975
8144,660
8145,98
8146,121
8147,460
8148,776
8149,101
8150,129
8151,529
8152,770
8153,462
8154,611
8155,958
8156,398
8157,913
8158,454
8159,371
8160,480
8161,58
8162,795
8163,38
8164,926
8165,304
8166,561
8167,989
8168,171
8169,450
8170,954
8171,115
8172,969
8173,450
8174,215
8175,430
8176,206
8177,906
8178,498
8179,961
8180,716
8181,924
8182,265
8183,505
8184,218
8185,110
8186,879
8187,275
8188,243
8189,118
8190,217
8191,836
8192,631
8193,897
8194,725
8195,925
8196,428
8197,341
8198,291
8199,211
8200,936
8201,130
8202,629
8203,52
8204,888
8205,770
8206,360
8207,389
8208,950
8209,972
8210,789
8211,764
8212,630
8213,615
8214,705
8215,590
8216,260
8217,100
8218,535
8219,118
8220,695
8221,775
8222,723
8223,140
8224,966
8225,179
8226,943
8227,34
8228,310
8229,952
8230,174
8231,42
8232,360
8233,695
8234,569
8235,430
8236,864
8237,556
8238,58
8239,610
8240,219
8241,11
8242,825
8243,999
8244,529
8245,455
8246,408
8247,225
8248,489
8249,955
8250,636
8251,124
8252,137
8253,580
8254,890
8255,578
8256,13
8257,895
8258,92
8259,145
8260,924
8261,409
8262,676
8263,695
8264,431
8265,882
8266,514
8267,517
8268,255
8269,817
8270,488
8271,844
8272,701
8273,566
8274,6
8275,613
8276,196
8277,751
8278,916
8279,994
8280,202
8281,139
8282,457
8283,893
8284,331
8285,21
8286,983
8287,724
8288,916
8289,491
8290,480
8291,712
8292,396
8293,413
8294,904
8295,593
8296,858
8297,51
8298,97
8299,558
8300,197
8301,77
8302,278
8303,198
8304,244
8305,994
8306,951
8307,816
8308,2
8309,696
8310,438
8311,885
8312,273
8313,579
8314,654
8315,506
8316,519
8317,13
8318,20
8319,400
8320,438
8321,896
8322,204
8323,345
8324,662
8325,764
8326,637
8327,318
8328,875
8329,328
8330,458
8331,396
8332,265
8333,124
8334,49
8335,64
8336,600
8337,431
8338,950
8339,52
8340,680
8341,947
8342,401
8343,599
8344,625
8345,829
8346,947
8347,191
8348,84
8349,387
8350,814
8351,208
8352,195
8353,787
8354,923
8355,10
8356,495
8357,213
8358,612
8359,249
8360,62
8361,476
8362,3
8363,458
8364,596
8365,855
8366,721
8367,82
8368,901
8369,811
8370,168
8371,265
8372,101
8373,139
8374,936
8375,515
8376,786
8377,822
8378,355
8379,623
8380,852
8381,40
8382,591
8383,699
8384,979
8385,478
8386,91
8387,608
8388,154
8389,942
8390,11
8391,644
8392,241
8393,607
8394,666
8395,378
8396,323
8397,352
8398,94
8399,423
8400,163
8401,221
8402,471
8403,988
8404,341
8405,163
8406,357
8407,554
8408,314
8409,632
8410,171
8411,541
8412,632
8413,842
8414,799
8415,948
8416,598
8417,181
8418,850
8419,351
8420,703
8421,456
8422,765
8423,926
8424,877
8425,55
8426,378
8427,608
8428,65
8429,296
8430,136
8431,603
8432,279
8433,472
8434,955
8435,809
8436,781
8437,699
8438,405
8439,74
8440,356
8441,415
8442,535
8443,380
8444,763
8445,685
8446,982
8447,738
8448,711
8449,115
8450,953
8451,638
8452,19
8453,510
8454,468
8455,324
8456,36
8457,824
8458,744
8459,620
8460,368
8461,591
8462,509
8463,838
8464,813
8465,873
8466,918
8467,588
8468,834
8469,886
8470,322
8471,905
8472,678
8473,127
8474,30
8475,685
8476,906
8477,256
8478,894
8479,102
8480,775
8481,197
8482,124
8483,26
8484,157
8485,934
8486,945
8487,139
8488,965
8489,953
8490,31
8491,447
8492,350
8493,50
8494,985
8495,86
8496,463
8497,674
8498,15
8499,858
8500,46
8501,769
8502,208
8503,447
8504,492
8505,775
8506,30
8507,813
8508,258
8509,939
8510,215
8511,377
8512,19
8513,203
8514,37
8515,580
8516,775
8517,393
8518,142
8519,318
8520,941
8521,256
8522,316
8523,795
8524,431
8525,53
8526,894
8527,589
8528,911
8529,385
8530,313
8531,502
8532,620
8533,361
8534,674
8535,870
8536,761
8537,805
8538,701
8539,894
8540,81
8541,941
8542,684
8543,160
8544,94
8545,571
8546,850
8547,129
8548,856
8549,600
8550,777
8551,651
8552,655
8553,311
8554,792
8555,310
8556,511
8557,93
8558,408
8559,94
8560,219
8561,800
8562,801
8563,49
8564,979
8565,751
8566,308
8567,265
8568,376
8569,199
8570,955
8571,391
8572,690
8573,620
8574,922
8575,683
8576,543
8577,286
8578,280
8579,320
8580,372
8581,235
8582,311
8583,278
8584,804
8585,40
8586,753
8587,879
8588,143
8589,947
8590,647
8591,541
8592,682
8593,206
8594,366
8595,761
8596,341
8597,671
8598,739
8599,528
8600,298
8601,17
8602,382
8603,213
8604,104
8605,168
8606,245
8607,101
8608,44
8609,253
8610,923
8611,303
8612,17
8613,446
8614,157
8615,807
8616,602
8617,638
8618,552
8619,737
8620,960
8621,802
8622,948
8623,59
8624,173
8625,642
8626,990
8627,581
8628,530
8629,933
8630,447
8631,985
8632,372
8633,769
8634,618
8635,691
8636,518
8637,897
8638,835
8639,914
8640,518
8641,850
8642,857
8643,161
8644,754
8645,593
8646,810
8647,269
8648,602
8649,324
8650,340
8651,461
8652,138
8653,239
8654,788
8655,825
8656,338
8657,71
8658,582
8659,227
8660,904
8661,424
8662,171
8663,82
8664,824
8665,265
8666,308
8667,534
8668,464
8669,67
8670,582
8671,298
8672,948
8673,259
8674,320
8675,406
8676,202
8677,695
8678,714
8679,337
8680,59
8681,432
8682,183
8683,915
8684,893
8685,616
8686,537
8687,376
8688,567
8689,988
8690,583
8691,846
8692,954
8693,489
8694,497
8695,439
8696,472
8697,744
8698,271
8699,806
8700,639
8701,49
8702,738
8703,846
8704,842
8705,109
8706,805
8707,846
8708,575
8709,941
8710,660
8711,880
8712,855
8713,223
8714,461
8715,878
8716,444
8717,552
8718,404
8719,373
8720,917
8721,221
8722,354
8723,581
8724,58
8725,787
8726,22
8727,198
8728,247
8729,764
8730,967
8731,50
8732,22
8733,167
8734,426
8735,786
8736,673
8737,360
8738,825
8739,854
8740,63
8741,299
8742,993
8743,130
8744,762
8745,379
8746,549
8747,49
8748,804
8749,449
8750,278
8751,628
8752,683
8753,445
8754,703
8755,749
8756,34
8757,592
8758,571
8759,244
8760,829
8761,293
8762,715
8763,326
8764,697
8765,579
8766,296
8767,84
8768,961
8769,414
8770,820
8771,138
8772,694
8773,236
8774,770
8775,900
8776,424
8777,854
8778,315
8779,349
8780,163
8781,725
8782,312
8783,350
8784,612
8785,667
8786,275
8787,963
8788,153
8789,234
8790,619
8791,269
8792,240
8793,173
8794,809
8795,83
8796,173
8797,727
8798,458
8799,207
8800,302
8801,570
8802,904
8803,329
8804,789
8805,15
8806,736
8807,571
8808,716
8809,242
8810,523
8811,48
8812,239
8813,348
8814,423
8815,777
8816,259
8817,161
8818,332
8819,739
8820,912
8821,911
8822,208
8823,999
8824,870
8825,119
8826,329
8827,474
8828,10
8829,776
8830,41
8831,6
8832,697
8833,114
8834,285
8835,111
8836,910
8837,410
8838,589
8839,410
8840,779
8841,94
8842,865
8843,818
8844,45
8845,754
8846,642
8847,572
8848,958
8849,739
8850,84
8851,745
8852,937
8853,886
8854,649
8855,535
8856,727
8857,68
8858,873
8859,906
8860,692
8861,305
8862,112
8863,881
8864,310
8865,48
8866,183
8867,849
8868,221
8869,655
8870,850
8871,485
8872,96
8873,933
8874,275
8875,675
8876,455
8877,153
8878,378
8879,222
8880,977
8881,264
8882,343
8883,713
8884,480
8885,788
8886,595
8887,417
8888,227
8889,357
8890,607
8891,199
8892,872
8893,96
8894,428
8895,325
8896,649
8897,18
8898,579
8899,321
8900,382
8901,972
8902,888
8903,411
8904,777
8905,510
8906,140
8907,864
8908,205
8909,479
8910,293
8911,667
8912,868
8913,640
8914,146
8915,53
8916,554
8917,15
8918,421
8919,189
8920,537
8921,296
8922,982
8923,945
8924,173
8925,62
8926,102
8927,133
8928,831
8929,25
8930,515
8931,506
8932,79
8933,48
8934,707
8935,115
8936,657
8937,779
8938,633
8939,736
8940,808
8941,642
8942,171
8943,175
8944,879
8945,929
8946,148
8947,654
8948,289
8949,770
8950,874
8951,733
8952,826
8953,934
8954,691
8955,386
8956,312
8957,579
8958,255
8959,235
8960,607
8961,729
8962,822
8963,915
8964,402
8965,133
8966,502
8967,454
8968,724
8969,670
8970,239
8971,377
8972,432
8973,707
8974,29
8975,661
8976,920
8977,486
8978,343
8979,208
8980,379
8981,785
8982,969
8983,299
8984,390
8985,232
8986,937
8987,406
8988,57
8989,77
8990,979
8991,871
8992,480
8993,624
8994,840
8995,38
8996,190
8997,254
8998,681
8999,544
9000,961
